[{"model": "admin.logentry", "pk": 1, "fields": {"action_time": "2022-05-03T08:16:53.163Z", "user": 1, "content_type": 51, "object_id": "1", "object_repr": "Badge object (1)", "action_flag": 1, "change_message": "[{\"added\": {}}]"}}, {"model": "admin.logentry", "pk": 2, "fields": {"action_time": "2022-05-03T08:17:06.651Z", "user": 1, "content_type": 51, "object_id": "2", "object_repr": "Badge object (2)", "action_flag": 1, "change_message": "[{\"added\": {}}]"}}, {"model": "admin.logentry", "pk": 3, "fields": {"action_time": "2022-05-03T08:40:39.839Z", "user": 1, "content_type": 22, "object_id": "2", "object_repr": "Test2", "action_flag": 2, "change_message": "[{\"changed\": {\"fields\": [\"Assignee\"]}}]"}}, {"model": "admin.logentry", "pk": 4, "fields": {"action_time": "2022-05-03T14:39:12.963Z", "user": 1, "content_type": 51, "object_id": "3", "object_repr": "Badge object (3)", "action_flag": 1, "change_message": "[{\"added\": {}}]"}}, {"model": "admin.logentry", "pk": 5, "fields": {"action_time": "2022-06-22T20:39:44.446Z", "user": 1, "content_type": 49, "object_id": "1", "object_repr": "simon", "action_flag": 1, "change_message": "[{\"added\": {}}]"}}, {"model": "admin.logentry", "pk": 6, "fields": {"action_time": "2022-06-22T20:40:00.873Z", "user": 1, "content_type": 51, "object_id": "3", "object_repr": "Badge 1", "action_flag": 2, "change_message": "[{\"changed\": {\"fields\": [\"Title\"]}}]"}}, {"model": "admin.logentry", "pk": 7, "fields": {"action_time": "2022-06-22T20:40:07.298Z", "user": 1, "content_type": 51, "object_id": "2", "object_repr": "Badge 2", "action_flag": 2, "change_message": "[{\"changed\": {\"fields\": [\"Title\"]}}]"}}, {"model": "admin.logentry", "pk": 8, "fields": {"action_time": "2022-06-22T20:40:15.125Z", "user": 1, "content_type": 51, "object_id": "1", "object_repr": "Badge 3", "action_flag": 2, "change_message": "[{\"changed\": {\"fields\": [\"Title\"]}}]"}}, {"model": "admin.logentry", "pk": 9, "fields": {"action_time": "2022-06-22T20:59:08.671Z", "user": 1, "content_type": 52, "object_id": "1", "object_repr": "simon Badge 3", "action_flag": 1, "change_message": "[{\"added\": {}}]"}}, {"model": "admin.logentry", "pk": 10, "fields": {"action_time": "2022-06-22T21:00:05.549Z", "user": 1, "content_type": 4, "object_id": "2", "object_repr": "nomis", "action_flag": 1, "change_message": "[{\"added\": {}}]"}}, {"model": "admin.logentry", "pk": 11, "fields": {"action_time": "2022-06-22T21:00:26.739Z", "user": 1, "content_type": 52, "object_id": "2", "object_repr": "nomis Badge 3", "action_flag": 1, "change_message": "[{\"added\": {}}]"}}, {"model": "admin.logentry", "pk": 12, "fields": {"action_time": "2022-06-22T21:00:39.136Z", "user": 1, "content_type": 52, "object_id": "3", "object_repr": "simon Badge 1", "action_flag": 1, "change_message": "[{\"added\": {}}]"}}, {"model": "admin.logentry", "pk": 13, "fields": {"action_time": "2022-06-23T18:34:28.164Z", "user": 1, "content_type": 51, "object_id": "3", "object_repr": "Badge 1", "action_flag": 2, "change_message": "[]"}}, {"model": "admin.logentry", "pk": 14, "fields": {"action_time": "2022-06-25T12:30:58.163Z", "user": 1, "content_type": 52, "object_id": "1-2", "object_repr": "1-2: simon-Badge 2", "action_flag": 1, "change_message": "[{\"added\": {}}]"}}, {"model": "admin.logentry", "pk": 15, "fields": {"action_time": "2022-06-25T12:32:03.152Z", "user": 1, "content_type": 52, "object_id": "1-2", "object_repr": "1-2: simon-Badge 2", "action_flag": 3, "change_message": ""}}, {"model": "admin.logentry", "pk": 16, "fields": {"action_time": "2022-06-25T12:32:12.073Z", "user": 1, "content_type": 52, "object_id": "4", "object_repr": "4: simon-Badge 1", "action_flag": 3, "change_message": ""}}, {"model": "admin.logentry", "pk": 17, "fields": {"action_time": "2022-06-25T12:32:12.090Z", "user": 1, "content_type": 52, "object_id": "3", "object_repr": "3: simon-Badge 1", "action_flag": 3, "change_message": ""}}, {"model": "admin.logentry", "pk": 18, "fields": {"action_time": "2022-06-25T12:32:12.106Z", "user": 1, "content_type": 52, "object_id": "2", "object_repr": "2: nomis-Badge 3", "action_flag": 3, "change_message": ""}}, {"model": "admin.logentry", "pk": 19, "fields": {"action_time": "2022-06-25T12:32:12.122Z", "user": 1, "content_type": 52, "object_id": "1-3", "object_repr": "1-3: simon-Badge 1", "action_flag": 3, "change_message": ""}}, {"model": "admin.logentry", "pk": 20, "fields": {"action_time": "2022-06-25T12:32:12.139Z", "user": 1, "content_type": 52, "object_id": "1", "object_repr": "1: simon-Badge 3", "action_flag": 3, "change_message": ""}}, {"model": "admin.logentry", "pk": 21, "fields": {"action_time": "2022-06-25T12:32:37.438Z", "user": 1, "content_type": 52, "object_id": "1-3", "object_repr": "1-3: simon-Badge 1", "action_flag": 1, "change_message": "[{\"added\": {}}]"}}, {"model": "admin.logentry", "pk": 22, "fields": {"action_time": "2022-06-25T12:33:29.507Z", "user": 1, "content_type": 51, "object_id": "3", "object_repr": "Badge 1", "action_flag": 3, "change_message": ""}}, {"model": "admin.logentry", "pk": 23, "fields": {"action_time": "2022-06-25T12:33:29.524Z", "user": 1, "content_type": 51, "object_id": "2", "object_repr": "Badge 2", "action_flag": 3, "change_message": ""}}, {"model": "admin.logentry", "pk": 24, "fields": {"action_time": "2022-06-25T12:33:29.539Z", "user": 1, "content_type": 51, "object_id": "1", "object_repr": "Badge 3", "action_flag": 3, "change_message": ""}}, {"model": "admin.logentry", "pk": 25, "fields": {"action_time": "2022-06-25T12:51:17.296Z", "user": 1, "content_type": 51, "object_id": "4", "object_repr": "Test Badge 1", "action_flag": 1, "change_message": "[{\"added\": {}}]"}}, {"model": "admin.logentry", "pk": 26, "fields": {"action_time": "2022-06-25T12:51:41.222Z", "user": 1, "content_type": 51, "object_id": "5", "object_repr": "Test Badge 2", "action_flag": 1, "change_message": "[{\"added\": {}}]"}}, {"model": "admin.logentry", "pk": 27, "fields": {"action_time": "2022-06-25T12:52:04.773Z", "user": 1, "content_type": 51, "object_id": "6", "object_repr": "Night Owl", "action_flag": 1, "change_message": "[{\"added\": {}}]"}}, {"model": "admin.logentry", "pk": 28, "fields": {"action_time": "2022-06-25T12:52:16.686Z", "user": 1, "content_type": 52, "object_id": "1-6", "object_repr": "1-6: simon-Night Owl", "action_flag": 1, "change_message": "[{\"added\": {}}]"}}, {"model": "admin.logentry", "pk": 29, "fields": {"action_time": "2022-06-25T12:52:28.097Z", "user": 1, "content_type": 52, "object_id": "1-6", "object_repr": "1-6: simon-Night Owl", "action_flag": 2, "change_message": "[]"}}, {"model": "admin.logentry", "pk": 30, "fields": {"action_time": "2022-06-25T12:52:39.030Z", "user": 1, "content_type": 52, "object_id": "1-4", "object_repr": "1-4: simon-Test Badge 1", "action_flag": 1, "change_message": "[{\"added\": {}}]"}}, {"model": "admin.logentry", "pk": 31, "fields": {"action_time": "2022-06-25T12:52:50.313Z", "user": 1, "content_type": 52, "object_id": "2-4", "object_repr": "2-4: nomis-Test Badge 1", "action_flag": 1, "change_message": "[{\"added\": {}}]"}}, {"model": "admin.logentry", "pk": 32, "fields": {"action_time": "2022-06-27T10:56:49.011Z", "user": 1, "content_type": 51, "object_id": "7", "object_repr": "Cool Badge 123", "action_flag": 1, "change_message": "[{\"added\": {}}]"}}, {"model": "admin.logentry", "pk": 33, "fields": {"action_time": "2022-06-27T10:57:03.706Z", "user": 1, "content_type": 52, "object_id": "1-7", "object_repr": "1-7: simon-Cool Badge 123", "action_flag": 1, "change_message": "[{\"added\": {}}]"}}, {"model": "admin.logentry", "pk": 34, "fields": {"action_time": "2022-07-17T14:52:50.332Z", "user": 1, "content_type": 53, "object_id": "1", "object_repr": "simon-QUIZ: 4", "action_flag": 1, "change_message": "[{\"added\": {}}]"}}, {"model": "admin.logentry", "pk": 35, "fields": {"action_time": "2022-07-18T11:04:58.434Z", "user": 1, "content_type": 49, "object_id": "1", "object_repr": "simon", "action_flag": 2, "change_message": "[{\"changed\": {\"fields\": [\"CurrentEnergy\"]}}]"}}, {"model": "admin.logentry", "pk": 36, "fields": {"action_time": "2022-07-18T12:46:16.207Z", "user": 1, "content_type": 53, "object_id": "2", "object_repr": "simon-SNAKE: 5", "action_flag": 1, "change_message": "[{\"added\": {}}]"}}, {"model": "admin.logentry", "pk": 37, "fields": {"action_time": "2022-07-18T14:25:31.142Z", "user": 1, "content_type": 60, "object_id": "2", "object_repr": "", "action_flag": 3, "change_message": ""}}, {"model": "admin.logentry", "pk": 38, "fields": {"action_time": "2022-07-18T14:25:31.159Z", "user": 1, "content_type": 60, "object_id": "1", "object_repr": "", "action_flag": 3, "change_message": ""}}, {"model": "admin.logentry", "pk": 39, "fields": {"action_time": "2022-07-18T14:42:30.648Z", "user": 1, "content_type": 60, "object_id": "1", "object_repr": "Who is the current president of the US?", "action_flag": 1, "change_message": "[{\"added\": {}}]"}}, {"model": "admin.logentry", "pk": 40, "fields": {"action_time": "2022-07-18T14:42:47.793Z", "user": 1, "content_type": 60, "object_id": "2", "object_repr": "What is 2x2", "action_flag": 1, "change_message": "[{\"added\": {}}]"}}, {"model": "admin.logentry", "pk": 41, "fields": {"action_time": "2022-07-18T14:43:39.363Z", "user": 1, "content_type": 60, "object_id": "3", "object_repr": "The correct answer is A!", "action_flag": 1, "change_message": "[{\"added\": {}}]"}}, {"model": "admin.logentry", "pk": 42, "fields": {"action_time": "2022-07-18T14:43:53.195Z", "user": 1, "content_type": 60, "object_id": "4", "object_repr": "The correct answer is B!", "action_flag": 1, "change_message": "[{\"added\": {}}]"}}, {"model": "admin.logentry", "pk": 43, "fields": {"action_time": "2022-07-18T14:43:58.370Z", "user": 1, "content_type": 60, "object_id": "5", "object_repr": "The correct answer is C!", "action_flag": 1, "change_message": "[{\"added\": {}}]"}}, {"model": "admin.logentry", "pk": 44, "fields": {"action_time": "2022-07-18T14:44:03.861Z", "user": 1, "content_type": 60, "object_id": "6", "object_repr": "The correct answer is D!", "action_flag": 1, "change_message": "[{\"added\": {}}]"}}, {"model": "admin.logentry", "pk": 45, "fields": {"action_time": "2022-07-19T07:49:30.486Z", "user": 1, "content_type": 49, "object_id": "1", "object_repr": "simon", "action_flag": 2, "change_message": "[{\"changed\": {\"fields\": [\"CurrentEnergy\"]}}]"}}, {"model": "admin.logentry", "pk": 46, "fields": {"action_time": "2022-07-19T07:50:04.011Z", "user": 1, "content_type": 53, "object_id": "3", "object_repr": "nomis-SNAKE: 16", "action_flag": 1, "change_message": "[{\"added\": {}}]"}}, {"model": "admin.logentry", "pk": 47, "fields": {"action_time": "2022-07-19T07:50:11.923Z", "user": 1, "content_type": 53, "object_id": "4", "object_repr": "simon-QUIZ: 8", "action_flag": 1, "change_message": "[{\"added\": {}}]"}}, {"model": "admin.logentry", "pk": 48, "fields": {"action_time": "2022-07-21T09:08:16.080Z", "user": 1, "content_type": 49, "object_id": "1", "object_repr": "simon", "action_flag": 2, "change_message": "[{\"changed\": {\"fields\": [\"CurrentEnergy\"]}}]"}}, {"model": "admin.logentry", "pk": 49, "fields": {"action_time": "2022-08-06T18:09:53.241Z", "user": 1, "content_type": 61, "object_id": "1-2", "object_repr": "1-2: simon-nomis", "action_flag": 1, "change_message": "[{\"added\": {}}]"}}, {"model": "admin.logentry", "pk": 50, "fields": {"action_time": "2022-08-06T18:11:58.311Z", "user": 1, "content_type": 4, "object_id": "3", "object_repr": "testuser123", "action_flag": 1, "change_message": "[{\"added\": {}}]"}}, {"model": "admin.logentry", "pk": 51, "fields": {"action_time": "2022-08-06T18:13:28.198Z", "user": 1, "content_type": 61, "object_id": "1-3", "object_repr": "1-3: simon-testuser123", "action_flag": 1, "change_message": "[{\"added\": {}}]"}}, {"model": "admin.logentry", "pk": 52, "fields": {"action_time": "2022-08-06T18:13:37.025Z", "user": 1, "content_type": 62, "object_id": "1", "object_repr": "ChatMessage object (1)", "action_flag": 1, "change_message": "[{\"added\": {}}]"}}, {"model": "admin.logentry", "pk": 53, "fields": {"action_time": "2022-08-06T18:13:46.704Z", "user": 1, "content_type": 62, "object_id": "2", "object_repr": "ChatMessage object (2)", "action_flag": 1, "change_message": "[{\"added\": {}}]"}}, {"model": "admin.logentry", "pk": 54, "fields": {"action_time": "2022-08-06T18:14:04.940Z", "user": 1, "content_type": 62, "object_id": "3", "object_repr": "ChatMessage object (3)", "action_flag": 1, "change_message": "[{\"added\": {}}]"}}, {"model": "admin.logentry", "pk": 55, "fields": {"action_time": "2022-08-08T07:52:09.680Z", "user": 1, "content_type": 52, "object_id": "1-5", "object_repr": "1-5: simon-Test Badge 2", "action_flag": 1, "change_message": "[{\"added\": {}}]"}}, {"model": "admin.logentry", "pk": 56, "fields": {"action_time": "2022-08-12T06:45:27.199Z", "user": 1, "content_type": 50, "object_id": "1", "object_repr": "Annotate 10 Images", "action_flag": 1, "change_message": "[{\"added\": {}}]"}}, {"model": "admin.logentry", "pk": 57, "fields": {"action_time": "2022-08-12T06:45:50.554Z", "user": 1, "content_type": 50, "object_id": "2", "object_repr": "Annotate Images for 7 Days in a Row", "action_flag": 1, "change_message": "[{\"added\": {}}]"}}, {"model": "admin.logentry", "pk": 58, "fields": {"action_time": "2022-08-12T06:46:13.991Z", "user": 1, "content_type": 58, "object_id": "1-1", "object_repr": "simon-Annotate 10 Images", "action_flag": 1, "change_message": "[{\"added\": {}}]"}}, {"model": "admin.logentry", "pk": 59, "fields": {"action_time": "2022-08-12T06:46:33.216Z", "user": 1, "content_type": 58, "object_id": "2-2", "object_repr": "nomis-Annotate Images for 7 Days in a Row", "action_flag": 1, "change_message": "[{\"added\": {}}]"}}, {"model": "admin.logentry", "pk": 60, "fields": {"action_time": "2022-08-12T06:47:01.468Z", "user": 1, "content_type": 54, "object_id": "1", "object_repr": "Red Avatar Border", "action_flag": 1, "change_message": "[{\"added\": {}}]"}}, {"model": "admin.logentry", "pk": 61, "fields": {"action_time": "2022-08-12T06:47:10.323Z", "user": 1, "content_type": 54, "object_id": "2", "object_repr": "Charge Pack", "action_flag": 1, "change_message": "[{\"added\": {}}]"}}, {"model": "admin.logentry", "pk": 62, "fields": {"action_time": "2022-08-12T06:50:13.937Z", "user": 1, "content_type": 54, "object_id": "3", "object_repr": "Green Avatar Border", "action_flag": 1, "change_message": "[{\"added\": {}}]"}}, {"model": "admin.logentry", "pk": 63, "fields": {"action_time": "2022-08-12T06:50:31.522Z", "user": 1, "content_type": 57, "object_id": "1", "object_repr": "ItemStatus object (1)", "action_flag": 1, "change_message": "[{\"added\": {}}]"}}, {"model": "admin.logentry", "pk": 64, "fields": {"action_time": "2022-08-12T06:50:50.200Z", "user": 1, "content_type": 57, "object_id": "2", "object_repr": "ItemStatus object (2)", "action_flag": 1, "change_message": "[{\"added\": {}}]"}}, {"model": "admin.logentry", "pk": 65, "fields": {"action_time": "2022-08-12T06:51:20.895Z", "user": 1, "content_type": 55, "object_id": "1", "object_repr": "Images Annotated", "action_flag": 1, "change_message": "[{\"added\": {}}]"}}, {"model": "admin.logentry", "pk": 66, "fields": {"action_time": "2022-08-12T06:51:42.088Z", "user": 1, "content_type": 55, "object_id": "2", "object_repr": "Time spent annotating", "action_flag": 1, "change_message": "[{\"added\": {}}]"}}, {"model": "admin.logentry", "pk": 67, "fields": {"action_time": "2022-08-12T06:51:51.603Z", "user": 1, "content_type": 56, "object_id": "1", "object_repr": "StatisticsStatus object (1)", "action_flag": 1, "change_message": "[{\"added\": {}}]"}}, {"model": "admin.logentry", "pk": 68, "fields": {"action_time": "2022-08-12T06:51:59.599Z", "user": 1, "content_type": 56, "object_id": "2", "object_repr": "StatisticsStatus object (2)", "action_flag": 1, "change_message": "[{\"added\": {}}]"}}, {"model": "admin.logentry", "pk": 69, "fields": {"action_time": "2022-08-13T15:08:37.344Z", "user": 1, "content_type": 53, "object_id": "4", "object_repr": "simon-QUIZ: 8", "action_flag": 3, "change_message": ""}}, {"model": "admin.logentry", "pk": 70, "fields": {"action_time": "2022-08-14T09:16:34.038Z", "user": 1, "content_type": 58, "object_id": "1-2", "object_repr": "simon-Annotate Images for 7 Days in a Row", "action_flag": 1, "change_message": "[{\"added\": {}}]"}}, {"model": "admin.logentry", "pk": 71, "fields": {"action_time": "2022-09-10T10:52:33.348Z", "user": 1, "content_type": 49, "object_id": "1", "object_repr": "simon", "action_flag": 2, "change_message": "[{\"changed\": {\"fields\": [\"Images annotated total\", \"Tags set total\", \"Images annotated night\", \"Annotation time total\", \"Annotation streak current\", \"Annotation streak max\", \"Badges obtained total\", \"Challenges completed\", \"Energy current\", \"Energy total\", \"Energizers completed\", \"Energy expired\", \"Tetris played\", \"Quiz played\", \"Snake played\", \"CurrentBalance\", \"Annotation coins total\", \"Annotation coins max\", \"Items bought total\", \"Chat messages total\"]}}]"}}, {"model": "admin.logentry", "pk": 72, "fields": {"action_time": "2022-09-17T15:50:15.324Z", "user": 1, "content_type": 49, "object_id": "1", "object_repr": "simon", "action_flag": 2, "change_message": "[{\"changed\": {\"fields\": [\"SelectedStatistics\"]}}]"}}, {"model": "admin.logentry", "pk": 73, "fields": {"action_time": "2022-09-17T15:53:15.550Z", "user": 1, "content_type": 49, "object_id": "1", "object_repr": "simon", "action_flag": 2, "change_message": "[{\"changed\": {\"fields\": [\"SelectedStatistics\"]}}]"}}, {"model": "admin.logentry", "pk": 74, "fields": {"action_time": "2022-09-17T16:08:44.616Z", "user": 1, "content_type": 49, "object_id": "1", "object_repr": "simon", "action_flag": 2, "change_message": "[{\"changed\": {\"fields\": [\"SelectedStatistics\"]}}]"}}, {"model": "admin.logentry", "pk": 75, "fields": {"action_time": "2022-09-23T10:14:30.657Z", "user": 1, "content_type": 49, "object_id": "1", "object_repr": "simon", "action_flag": 2, "change_message": "[{\"changed\": {\"fields\": [\"SelectedBadges\", \"Items bought\", \"Profile style\", \"Avatar\", \"Avatar border\", \"Profile border\", \"Profile background\"]}}]"}}, {"model": "admin.logentry", "pk": 76, "fields": {"action_time": "2022-09-23T10:24:38.363Z", "user": 1, "content_type": 49, "object_id": "2", "object_repr": "nomis", "action_flag": 2, "change_message": "[{\"changed\": {\"fields\": [\"SelectedBadges\", \"Items bought\", \"Profile style\", \"Avatar\", \"Avatar border\", \"Profile border\", \"Profile background\", \"SelectedStatistics\"]}}]"}}, {"model": "admin.logentry", "pk": 77, "fields": {"action_time": "2022-09-23T10:24:42.424Z", "user": 1, "content_type": 49, "object_id": "1", "object_repr": "simon", "action_flag": 2, "change_message": "[]"}}, {"model": "admin.logentry", "pk": 78, "fields": {"action_time": "2022-09-23T10:25:17.537Z", "user": 1, "content_type": 49, "object_id": "3", "object_repr": "testuser123", "action_flag": 2, "change_message": "[{\"changed\": {\"fields\": [\"SelectedBadges\", \"Items bought\", \"Profile style\", \"Avatar\", \"Avatar border\", \"Profile border\", \"Profile background\", \"SelectedStatistics\"]}}]"}}, {"model": "admin.logentry", "pk": 79, "fields": {"action_time": "2022-09-25T14:36:39.611Z", "user": 1, "content_type": 58, "object_id": "nomis-1", "object_repr": "nomis-1", "action_flag": 1, "change_message": "[{\"added\": {}}]"}}, {"model": "admin.logentry", "pk": 80, "fields": {"action_time": "2022-09-25T16:10:17.655Z", "user": 1, "content_type": 58, "object_id": "1-3", "object_repr": "simon-3", "action_flag": 1, "change_message": "[{\"added\": {}}]"}}, {"model": "admin.logentry", "pk": 81, "fields": {"action_time": "2022-09-25T16:12:26.599Z", "user": 1, "content_type": 58, "object_id": "simon-1", "object_repr": "simon-1", "action_flag": 3, "change_message": ""}}, {"model": "admin.logentry", "pk": 82, "fields": {"action_time": "2022-09-25T16:12:26.615Z", "user": 1, "content_type": 58, "object_id": "1-2", "object_repr": "simon-0", "action_flag": 3, "change_message": ""}}, {"model": "admin.logentry", "pk": 83, "fields": {"action_time": "2022-09-25T19:00:12.303Z", "user": 1, "content_type": 58, "object_id": "nomis-1", "object_repr": "nomis-1", "action_flag": 3, "change_message": ""}}, {"model": "admin.logentry", "pk": 84, "fields": {"action_time": "2022-09-25T19:00:12.316Z", "user": 1, "content_type": 58, "object_id": "2-2", "object_repr": "nomis-0", "action_flag": 3, "change_message": ""}}, {"model": "admin.logentry", "pk": 85, "fields": {"action_time": "2022-09-25T19:00:12.327Z", "user": 1, "content_type": 58, "object_id": "1-5", "object_repr": "simon-5", "action_flag": 3, "change_message": ""}}, {"model": "admin.logentry", "pk": 86, "fields": {"action_time": "2022-09-25T19:00:12.338Z", "user": 1, "content_type": 58, "object_id": "1-1", "object_repr": "simon-1", "action_flag": 3, "change_message": ""}}, {"model": "admin.logentry", "pk": 87, "fields": {"action_time": "2022-10-03T12:52:25.542Z", "user": 1, "content_type": 49, "object_id": "3", "object_repr": "testuser123", "action_flag": 2, "change_message": "[{\"changed\": {\"fields\": [\"Profile background\"]}}]"}}, {"model": "admin.logentry", "pk": 88, "fields": {"action_time": "2022-10-03T12:52:41.904Z", "user": 1, "content_type": 49, "object_id": "2", "object_repr": "nomis", "action_flag": 2, "change_message": "[{\"changed\": {\"fields\": [\"Profile background\"]}}]"}}, {"model": "admin.logentry", "pk": 89, "fields": {"action_time": "2022-10-03T12:52:54.031Z", "user": 1, "content_type": 49, "object_id": "1", "object_repr": "simon", "action_flag": 2, "change_message": "[{\"changed\": {\"fields\": [\"Profile background\"]}}]"}}, {"model": "admin.logentry", "pk": 90, "fields": {"action_time": "2022-10-05T18:29:42.771Z", "user": 1, "content_type": 49, "object_id": "1", "object_repr": "simon", "action_flag": 2, "change_message": "[{\"changed\": {\"fields\": [\"Items bought\"]}}]"}}, {"model": "admin.logentry", "pk": 91, "fields": {"action_time": "2022-10-05T18:32:02.378Z", "user": 1, "content_type": 49, "object_id": "1", "object_repr": "simon", "action_flag": 2, "change_message": "[{\"changed\": {\"fields\": [\"SelectedBadges\"]}}]"}}, {"model": "admin.logentry", "pk": 92, "fields": {"action_time": "2022-10-05T18:43:03.244Z", "user": 1, "content_type": 49, "object_id": "1", "object_repr": "simon", "action_flag": 2, "change_message": "[{\"changed\": {\"fields\": [\"Items bought\"]}}]"}}, {"model": "admin.logentry", "pk": 93, "fields": {"action_time": "2022-10-05T18:44:04.340Z", "user": 1, "content_type": 49, "object_id": "1", "object_repr": "simon", "action_flag": 2, "change_message": "[{\"changed\": {\"fields\": [\"Items bought\"]}}]"}}, {"model": "admin.logentry", "pk": 94, "fields": {"action_time": "2022-10-05T18:47:07.834Z", "user": 1, "content_type": 49, "object_id": "1", "object_repr": "simon", "action_flag": 2, "change_message": "[{\"changed\": {\"fields\": [\"Items bought\"]}}]"}}, {"model": "admin.logentry", "pk": 95, "fields": {"action_time": "2022-10-06T21:43:50.343Z", "user": 1, "content_type": 49, "object_id": "2", "object_repr": "nomis", "action_flag": 2, "change_message": "[{\"changed\": {\"fields\": [\"Profile class\", \"Profile background\", \"Profile border\", \"Avatar\", \"Avatar border\"]}}]"}}, {"model": "admin.logentry", "pk": 96, "fields": {"action_time": "2022-10-06T21:44:01.337Z", "user": 1, "content_type": 49, "object_id": "3", "object_repr": "testuser123", "action_flag": 2, "change_message": "[{\"changed\": {\"fields\": [\"Profile class\", \"Profile background\", \"Profile border\", \"Avatar\", \"Avatar border\"]}}]"}}, {"model": "admin.logentry", "pk": 97, "fields": {"action_time": "2022-10-06T21:44:11.103Z", "user": 1, "content_type": 49, "object_id": "1", "object_repr": "simon", "action_flag": 2, "change_message": "[{\"changed\": {\"fields\": [\"Profile class\", \"Profile background\", \"Profile border\", \"Avatar\", \"Avatar border\"]}}]"}}, {"model": "admin.logentry", "pk": 98, "fields": {"action_time": "2022-10-06T21:55:05.254Z", "user": 1, "content_type": 49, "object_id": "1", "object_repr": "simon", "action_flag": 2, "change_message": "[]"}}, {"model": "admin.logentry", "pk": 99, "fields": {"action_time": "2022-10-07T13:41:43.123Z", "user": 1, "content_type": 52, "object_id": "2-4", "object_repr": "0: nomis-", "action_flag": 3, "change_message": ""}}, {"model": "admin.logentry", "pk": 100, "fields": {"action_time": "2022-10-07T13:41:43.140Z", "user": 1, "content_type": 52, "object_id": "1-7", "object_repr": "0: simon-", "action_flag": 3, "change_message": ""}}, {"model": "admin.logentry", "pk": 101, "fields": {"action_time": "2022-10-07T13:41:43.154Z", "user": 1, "content_type": 52, "object_id": "1-6", "object_repr": "0: simon-", "action_flag": 3, "change_message": ""}}, {"model": "admin.logentry", "pk": 102, "fields": {"action_time": "2022-10-07T13:41:43.169Z", "user": 1, "content_type": 52, "object_id": "1-5", "object_repr": "0: simon-", "action_flag": 3, "change_message": ""}}, {"model": "admin.logentry", "pk": 103, "fields": {"action_time": "2022-10-07T13:41:43.184Z", "user": 1, "content_type": 52, "object_id": "1-4", "object_repr": "0: simon-", "action_flag": 3, "change_message": ""}}, {"model": "admin.logentry", "pk": 104, "fields": {"action_time": "2022-10-07T13:41:55.002Z", "user": 1, "content_type": 52, "object_id": "1-1", "object_repr": "1: simon-Gold", "action_flag": 1, "change_message": "[{\"added\": {}}]"}}, {"model": "admin.logentry", "pk": 105, "fields": {"action_time": "2022-10-07T13:42:09.937Z", "user": 1, "content_type": 52, "object_id": "1-1", "object_repr": "1: simon-Gold", "action_flag": 2, "change_message": "[]"}}, {"model": "admin.logentry", "pk": 106, "fields": {"action_time": "2022-10-07T13:42:31.748Z", "user": 1, "content_type": 52, "object_id": "2-5", "object_repr": "5: nomis-Bronze", "action_flag": 1, "change_message": "[{\"added\": {}}]"}}, {"model": "admin.logentry", "pk": 107, "fields": {"action_time": "2022-10-07T13:42:41.659Z", "user": 1, "content_type": 52, "object_id": "2-5", "object_repr": "5: nomis-Bronze", "action_flag": 2, "change_message": "[]"}}, {"model": "admin.logentry", "pk": 108, "fields": {"action_time": "2022-10-07T13:42:48.634Z", "user": 1, "content_type": 52, "object_id": "2-3", "object_repr": "3: nomis-4", "action_flag": 1, "change_message": "[{\"added\": {}}]"}}, {"model": "admin.logentry", "pk": 109, "fields": {"action_time": "2022-10-07T13:42:59.482Z", "user": 1, "content_type": 52, "object_id": "2-4", "object_repr": "4: nomis-3", "action_flag": 1, "change_message": "[{\"added\": {}}]"}}, {"model": "admin.logentry", "pk": 110, "fields": {"action_time": "2022-10-07T13:43:28.682Z", "user": 1, "content_type": 49, "object_id": "2", "object_repr": "nomis", "action_flag": 2, "change_message": "[{\"changed\": {\"fields\": [\"SelectedBadges\"]}}]"}}, {"model": "admin.logentry", "pk": 111, "fields": {"action_time": "2022-10-07T19:34:13.574Z", "user": 1, "content_type": 49, "object_id": "2", "object_repr": "nomis", "action_flag": 2, "change_message": "[{\"changed\": {\"fields\": [\"SelectedBadges\"]}}]"}}, {"model": "admin.logentry", "pk": 112, "fields": {"action_time": "2022-10-07T19:43:41.763Z", "user": 1, "content_type": 52, "object_id": "1-4", "object_repr": "4: simon-Gold", "action_flag": 1, "change_message": "[{\"added\": {}}]"}}, {"model": "admin.logentry", "pk": 113, "fields": {"action_time": "2022-10-07T20:44:20.062Z", "user": 1, "content_type": 52, "object_id": "2-5", "object_repr": "5: nomis-BRONZE", "action_flag": 2, "change_message": "[{\"changed\": {\"fields\": [\"Tier\"]}}]"}}, {"model": "admin.logentry", "pk": 114, "fields": {"action_time": "2022-10-07T20:44:25.565Z", "user": 1, "content_type": 52, "object_id": "2-4", "object_repr": "4: nomis-BRONZE", "action_flag": 2, "change_message": "[{\"changed\": {\"fields\": [\"Tier\"]}}]"}}, {"model": "admin.logentry", "pk": 115, "fields": {"action_time": "2022-10-07T20:44:30.681Z", "user": 1, "content_type": 52, "object_id": "2-3", "object_repr": "3: nomis-BRONZE", "action_flag": 2, "change_message": "[{\"changed\": {\"fields\": [\"Tier\"]}}]"}}, {"model": "admin.logentry", "pk": 116, "fields": {"action_time": "2022-10-07T20:46:15.476Z", "user": 1, "content_type": 52, "object_id": "1-4", "object_repr": "4: simon-BRONZE", "action_flag": 2, "change_message": "[{\"changed\": {\"fields\": [\"Tier\"]}}]"}}, {"model": "admin.logentry", "pk": 117, "fields": {"action_time": "2022-10-07T20:50:14.029Z", "user": 1, "content_type": 52, "object_id": "2-5", "object_repr": "5: nomis-BRONZE", "action_flag": 3, "change_message": ""}}, {"model": "admin.logentry", "pk": 118, "fields": {"action_time": "2022-10-07T20:50:14.047Z", "user": 1, "content_type": 52, "object_id": "2-4", "object_repr": "4: nomis-BRONZE", "action_flag": 3, "change_message": ""}}, {"model": "admin.logentry", "pk": 119, "fields": {"action_time": "2022-10-07T20:50:14.061Z", "user": 1, "content_type": 52, "object_id": "2-3", "object_repr": "3: nomis-BRONZE", "action_flag": 3, "change_message": ""}}, {"model": "admin.logentry", "pk": 120, "fields": {"action_time": "2022-10-07T20:50:14.076Z", "user": 1, "content_type": 52, "object_id": "1-4", "object_repr": "4: simon-BRONZE", "action_flag": 3, "change_message": ""}}, {"model": "admin.logentry", "pk": 121, "fields": {"action_time": "2022-10-07T20:50:14.091Z", "user": 1, "content_type": 52, "object_id": "1-1", "object_repr": "1: simon-Gold", "action_flag": 3, "change_message": ""}}, {"model": "admin.logentry", "pk": 122, "fields": {"action_time": "2022-10-07T20:57:29.793Z", "user": 1, "content_type": 52, "object_id": "1-1", "object_repr": "1: simon-2", "action_flag": 1, "change_message": "[{\"added\": {}}]"}}, {"model": "admin.logentry", "pk": 123, "fields": {"action_time": "2022-10-07T20:57:42.501Z", "user": 1, "content_type": 52, "object_id": "1-3", "object_repr": "3: simon-3", "action_flag": 1, "change_message": "[{\"added\": {}}]"}}, {"model": "admin.logentry", "pk": 124, "fields": {"action_time": "2022-10-07T21:01:56.813Z", "user": 1, "content_type": 52, "object_id": "2-3", "object_repr": "3: nomis-1", "action_flag": 1, "change_message": "[{\"added\": {}}]"}}, {"model": "admin.logentry", "pk": 125, "fields": {"action_time": "2022-10-07T21:02:03.284Z", "user": 1, "content_type": 52, "object_id": "2-3", "object_repr": "3: nomis-1", "action_flag": 2, "change_message": "[]"}}, {"model": "admin.logentry", "pk": 126, "fields": {"action_time": "2022-10-07T21:02:11.615Z", "user": 1, "content_type": 52, "object_id": "2-4", "object_repr": "4: nomis-1", "action_flag": 1, "change_message": "[{\"added\": {}}]"}}, {"model": "admin.logentry", "pk": 127, "fields": {"action_time": "2022-10-07T21:02:27.837Z", "user": 1, "content_type": 52, "object_id": "2-5", "object_repr": "5: nomis-3", "action_flag": 1, "change_message": "[{\"added\": {}}]"}}, {"model": "admin.logentry", "pk": 128, "fields": {"action_time": "2022-10-08T10:42:27.081Z", "user": 1, "content_type": 52, "object_id": "2-4", "object_repr": "4: nomis-1", "action_flag": 2, "change_message": "[]"}}, {"model": "admin.logentry", "pk": 129, "fields": {"action_time": "2022-10-08T10:42:37.480Z", "user": 1, "content_type": 52, "object_id": "3-1", "object_repr": "1: testuser123-3", "action_flag": 1, "change_message": "[{\"added\": {}}]"}}, {"model": "admin.logentry", "pk": 130, "fields": {"action_time": "2022-10-08T10:42:52.518Z", "user": 1, "content_type": 52, "object_id": "3-8", "object_repr": "8: testuser123-2", "action_flag": 1, "change_message": "[{\"added\": {}}]"}}, {"model": "admin.logentry", "pk": 131, "fields": {"action_time": "2022-10-08T10:43:09.631Z", "user": 1, "content_type": 52, "object_id": "3-13", "object_repr": "13: testuser123-1", "action_flag": 1, "change_message": "[{\"added\": {}}]"}}, {"model": "admin.logentry", "pk": 132, "fields": {"action_time": "2022-10-08T10:51:40.025Z", "user": 1, "content_type": 49, "object_id": "1", "object_repr": "simon", "action_flag": 2, "change_message": "[]"}}, {"model": "admin.logentry", "pk": 133, "fields": {"action_time": "2022-10-09T09:48:13.532Z", "user": 1, "content_type": 49, "object_id": "1", "object_repr": "simon", "action_flag": 2, "change_message": "[{\"changed\": {\"fields\": [\"SelectedBadges\"]}}]"}}, {"model": "admin.logentry", "pk": 134, "fields": {"action_time": "2022-10-09T09:49:38.328Z", "user": 1, "content_type": 52, "object_id": "1-7", "object_repr": "7: simon-1", "action_flag": 3, "change_message": ""}}, {"model": "admin.logentry", "pk": 135, "fields": {"action_time": "2022-10-09T09:49:38.344Z", "user": 1, "content_type": 52, "object_id": "1-6", "object_repr": "6: simon-1", "action_flag": 3, "change_message": ""}}, {"model": "admin.logentry", "pk": 136, "fields": {"action_time": "2022-10-09T09:49:38.360Z", "user": 1, "content_type": 52, "object_id": "1-5", "object_repr": "5: simon-2", "action_flag": 3, "change_message": ""}}, {"model": "admin.logentry", "pk": 137, "fields": {"action_time": "2022-10-09T09:49:38.375Z", "user": 1, "content_type": 52, "object_id": "1-4", "object_repr": "4: simon-1", "action_flag": 3, "change_message": ""}}, {"model": "admin.logentry", "pk": 138, "fields": {"action_time": "2022-10-09T09:49:38.391Z", "user": 1, "content_type": 52, "object_id": "1-3", "object_repr": "3: simon-3", "action_flag": 3, "change_message": ""}}, {"model": "admin.logentry", "pk": 139, "fields": {"action_time": "2022-10-09T09:49:38.406Z", "user": 1, "content_type": 52, "object_id": "1-14", "object_repr": "14: simon-2", "action_flag": 3, "change_message": ""}}, {"model": "admin.logentry", "pk": 140, "fields": {"action_time": "2022-10-09T09:49:38.422Z", "user": 1, "content_type": 52, "object_id": "1-13", "object_repr": "13: simon-1", "action_flag": 3, "change_message": ""}}, {"model": "admin.logentry", "pk": 141, "fields": {"action_time": "2022-10-09T09:49:38.437Z", "user": 1, "content_type": 52, "object_id": "1-12", "object_repr": "12: simon-3", "action_flag": 3, "change_message": ""}}, {"model": "admin.logentry", "pk": 142, "fields": {"action_time": "2022-10-09T09:49:38.453Z", "user": 1, "content_type": 52, "object_id": "1-106", "object_repr": "106: simon-3", "action_flag": 3, "change_message": ""}}, {"model": "admin.logentry", "pk": 143, "fields": {"action_time": "2022-10-09T09:49:38.468Z", "user": 1, "content_type": 52, "object_id": "1-105", "object_repr": "105: simon-3", "action_flag": 3, "change_message": ""}}, {"model": "admin.logentry", "pk": 144, "fields": {"action_time": "2022-10-09T09:49:38.484Z", "user": 1, "content_type": 52, "object_id": "1-104", "object_repr": "104: simon-3", "action_flag": 3, "change_message": ""}}, {"model": "admin.logentry", "pk": 145, "fields": {"action_time": "2022-10-09T09:49:38.499Z", "user": 1, "content_type": 52, "object_id": "1-101", "object_repr": "101: simon-3", "action_flag": 3, "change_message": ""}}, {"model": "admin.logentry", "pk": 146, "fields": {"action_time": "2022-10-09T09:49:38.515Z", "user": 1, "content_type": 52, "object_id": "1-10", "object_repr": "10: simon-1", "action_flag": 3, "change_message": ""}}, {"model": "admin.logentry", "pk": 147, "fields": {"action_time": "2022-10-09T09:49:38.530Z", "user": 1, "content_type": 52, "object_id": "1-1", "object_repr": "1: simon-2", "action_flag": 3, "change_message": ""}}, {"model": "admin.logentry", "pk": 148, "fields": {"action_time": "2022-10-09T09:52:32.357Z", "user": 1, "content_type": 52, "object_id": "1-1", "object_repr": "1: simon-3", "action_flag": 1, "change_message": "[{\"added\": {}}]"}}, {"model": "admin.logentry", "pk": 149, "fields": {"action_time": "2022-10-09T09:52:55.425Z", "user": 1, "content_type": 52, "object_id": "2-3", "object_repr": "3: nomis-1", "action_flag": 2, "change_message": "[]"}}, {"model": "admin.logentry", "pk": 150, "fields": {"action_time": "2022-10-09T09:53:11.956Z", "user": 1, "content_type": 52, "object_id": "3-1", "object_repr": "1: testuser123-2", "action_flag": 2, "change_message": "[{\"changed\": {\"fields\": [\"Tier\"]}}]"}}, {"model": "admin.logentry", "pk": 151, "fields": {"action_time": "2022-10-09T09:53:36.734Z", "user": 1, "content_type": 49, "object_id": "3", "object_repr": "testuser123", "action_flag": 2, "change_message": "[{\"changed\": {\"fields\": [\"SelectedBadges\"]}}]"}}, {"model": "admin.logentry", "pk": 152, "fields": {"action_time": "2022-10-09T10:41:32.450Z", "user": 1, "content_type": 49, "object_id": "1", "object_repr": "simon", "action_flag": 2, "change_message": "[{\"changed\": {\"fields\": [\"Online status\"]}}]"}}, {"model": "admin.logentry", "pk": 153, "fields": {"action_time": "2022-10-09T10:41:37.361Z", "user": 1, "content_type": 49, "object_id": "3", "object_repr": "testuser123", "action_flag": 2, "change_message": "[{\"changed\": {\"fields\": [\"Online status\"]}}]"}}, {"model": "admin.logentry", "pk": 154, "fields": {"action_time": "2022-10-09T10:41:41.911Z", "user": 1, "content_type": 49, "object_id": "2", "object_repr": "nomis", "action_flag": 2, "change_message": "[{\"changed\": {\"fields\": [\"Online status\"]}}]"}}, {"model": "admin.logentry", "pk": 155, "fields": {"action_time": "2022-10-09T10:42:01.994Z", "user": 1, "content_type": 49, "object_id": "2", "object_repr": "nomis", "action_flag": 2, "change_message": "[]"}}, {"model": "admin.logentry", "pk": 156, "fields": {"action_time": "2022-10-09T10:42:06.587Z", "user": 1, "content_type": 49, "object_id": "1", "object_repr": "simon", "action_flag": 2, "change_message": "[{\"changed\": {\"fields\": [\"Online status\"]}}]"}}, {"model": "admin.logentry", "pk": 157, "fields": {"action_time": "2022-10-11T07:08:11.777Z", "user": 1, "content_type": 49, "object_id": "1", "object_repr": "simon", "action_flag": 2, "change_message": "[{\"changed\": {\"fields\": [\"Images annotated total\", \"Tags set total\", \"Images annotated night\", \"Annotation time total\", \"Annotation streak current\", \"Annotation streak max\", \"Badges obtained total\", \"Challenges completed\", \"Energy current\", \"Energy total\", \"Energizers completed\", \"Energy expired\", \"Tetris played\", \"Quiz played\", \"Snake played\", \"CurrentBalance\", \"Items bought\", \"Annotation coins total\", \"Annotation coins max\", \"Items bought total\", \"Chat messages total\"]}}]"}}, {"model": "admin.logentry", "pk": 158, "fields": {"action_time": "2022-10-11T07:09:57.371Z", "user": 1, "content_type": 52, "object_id": "1-7", "object_repr": "7: simon-1", "action_flag": 3, "change_message": ""}}, {"model": "admin.logentry", "pk": 159, "fields": {"action_time": "2022-10-11T07:09:57.388Z", "user": 1, "content_type": 52, "object_id": "1-6", "object_repr": "6: simon-1", "action_flag": 3, "change_message": ""}}, {"model": "admin.logentry", "pk": 160, "fields": {"action_time": "2022-10-11T07:09:57.405Z", "user": 1, "content_type": 52, "object_id": "1-5", "object_repr": "5: simon-2", "action_flag": 3, "change_message": ""}}, {"model": "admin.logentry", "pk": 161, "fields": {"action_time": "2022-10-11T07:09:57.420Z", "user": 1, "content_type": 52, "object_id": "1-4", "object_repr": "4: simon-3", "action_flag": 3, "change_message": ""}}, {"model": "admin.logentry", "pk": 162, "fields": {"action_time": "2022-10-11T07:09:57.436Z", "user": 1, "content_type": 52, "object_id": "1-2", "object_repr": "2: simon-1", "action_flag": 3, "change_message": ""}}, {"model": "admin.logentry", "pk": 163, "fields": {"action_time": "2022-10-11T07:09:57.452Z", "user": 1, "content_type": 52, "object_id": "1-14", "object_repr": "14: simon-2", "action_flag": 3, "change_message": ""}}, {"model": "admin.logentry", "pk": 164, "fields": {"action_time": "2022-10-11T07:09:57.468Z", "user": 1, "content_type": 52, "object_id": "1-13", "object_repr": "13: simon-1", "action_flag": 3, "change_message": ""}}, {"model": "admin.logentry", "pk": 165, "fields": {"action_time": "2022-10-11T07:09:57.483Z", "user": 1, "content_type": 52, "object_id": "1-12", "object_repr": "12: simon-3", "action_flag": 3, "change_message": ""}}, {"model": "admin.logentry", "pk": 166, "fields": {"action_time": "2022-10-11T07:09:57.498Z", "user": 1, "content_type": 52, "object_id": "1-106", "object_repr": "106: simon-3", "action_flag": 3, "change_message": ""}}, {"model": "admin.logentry", "pk": 167, "fields": {"action_time": "2022-10-11T07:09:57.514Z", "user": 1, "content_type": 52, "object_id": "1-105", "object_repr": "105: simon-3", "action_flag": 3, "change_message": ""}}, {"model": "admin.logentry", "pk": 168, "fields": {"action_time": "2022-10-11T07:09:57.530Z", "user": 1, "content_type": 52, "object_id": "1-104", "object_repr": "104: simon-3", "action_flag": 3, "change_message": ""}}, {"model": "admin.logentry", "pk": 169, "fields": {"action_time": "2022-10-11T07:09:57.547Z", "user": 1, "content_type": 52, "object_id": "1-101", "object_repr": "101: simon-3", "action_flag": 3, "change_message": ""}}, {"model": "admin.logentry", "pk": 170, "fields": {"action_time": "2022-10-11T07:09:57.562Z", "user": 1, "content_type": 52, "object_id": "1-10", "object_repr": "10: simon-1", "action_flag": 3, "change_message": ""}}, {"model": "admin.logentry", "pk": 171, "fields": {"action_time": "2022-10-11T07:09:57.579Z", "user": 1, "content_type": 52, "object_id": "1-1", "object_repr": "1: simon-3", "action_flag": 3, "change_message": ""}}, {"model": "admin.logentry", "pk": 172, "fields": {"action_time": "2022-10-11T07:37:54.978Z", "user": 1, "content_type": 52, "object_id": "1-4", "object_repr": "4: simon-3", "action_flag": 2, "change_message": "[]"}}, {"model": "admin.logentry", "pk": 173, "fields": {"action_time": "2022-10-11T07:57:14.266Z", "user": 1, "content_type": 52, "object_id": "1-4", "object_repr": "4: simon-3", "action_flag": 3, "change_message": ""}}, {"model": "auth.permission", "pk": 1, "fields": {"name": "Can add log entry", "content_type": 1, "codename": "add_logentry"}}, {"model": "auth.permission", "pk": 2, "fields": {"name": "Can change log entry", "content_type": 1, "codename": "change_logentry"}}, {"model": "auth.permission", "pk": 3, "fields": {"name": "Can delete log entry", "content_type": 1, "codename": "delete_logentry"}}, {"model": "auth.permission", "pk": 4, "fields": {"name": "Can view log entry", "content_type": 1, "codename": "view_logentry"}}, {"model": "auth.permission", "pk": 5, "fields": {"name": "Can add permission", "content_type": 2, "codename": "add_permission"}}, {"model": "auth.permission", "pk": 6, "fields": {"name": "Can change permission", "content_type": 2, "codename": "change_permission"}}, {"model": "auth.permission", "pk": 7, "fields": {"name": "Can delete permission", "content_type": 2, "codename": "delete_permission"}}, {"model": "auth.permission", "pk": 8, "fields": {"name": "Can view permission", "content_type": 2, "codename": "view_permission"}}, {"model": "auth.permission", "pk": 9, "fields": {"name": "Can add group", "content_type": 3, "codename": "add_group"}}, {"model": "auth.permission", "pk": 10, "fields": {"name": "Can change group", "content_type": 3, "codename": "change_group"}}, {"model": "auth.permission", "pk": 11, "fields": {"name": "Can delete group", "content_type": 3, "codename": "delete_group"}}, {"model": "auth.permission", "pk": 12, "fields": {"name": "Can view group", "content_type": 3, "codename": "view_group"}}, {"model": "auth.permission", "pk": 13, "fields": {"name": "Can add user", "content_type": 4, "codename": "add_user"}}, {"model": "auth.permission", "pk": 14, "fields": {"name": "Can change user", "content_type": 4, "codename": "change_user"}}, {"model": "auth.permission", "pk": 15, "fields": {"name": "Can delete user", "content_type": 4, "codename": "delete_user"}}, {"model": "auth.permission", "pk": 16, "fields": {"name": "Can view user", "content_type": 4, "codename": "view_user"}}, {"model": "auth.permission", "pk": 17, "fields": {"name": "Can add content type", "content_type": 5, "codename": "add_contenttype"}}, {"model": "auth.permission", "pk": 18, "fields": {"name": "Can change content type", "content_type": 5, "codename": "change_contenttype"}}, {"model": "auth.permission", "pk": 19, "fields": {"name": "Can delete content type", "content_type": 5, "codename": "delete_contenttype"}}, {"model": "auth.permission", "pk": 20, "fields": {"name": "Can view content type", "content_type": 5, "codename": "view_contenttype"}}, {"model": "auth.permission", "pk": 21, "fields": {"name": "Can add session", "content_type": 6, "codename": "add_session"}}, {"model": "auth.permission", "pk": 22, "fields": {"name": "Can change session", "content_type": 6, "codename": "change_session"}}, {"model": "auth.permission", "pk": 23, "fields": {"name": "Can delete session", "content_type": 6, "codename": "delete_session"}}, {"model": "auth.permission", "pk": 24, "fields": {"name": "Can view session", "content_type": 6, "codename": "view_session"}}, {"model": "auth.permission", "pk": 25, "fields": {"name": "Can add Token", "content_type": 7, "codename": "add_token"}}, {"model": "auth.permission", "pk": 26, "fields": {"name": "Can change Token", "content_type": 7, "codename": "change_token"}}, {"model": "auth.permission", "pk": 27, "fields": {"name": "Can delete Token", "content_type": 7, "codename": "delete_token"}}, {"model": "auth.permission", "pk": 28, "fields": {"name": "Can view Token", "content_type": 7, "codename": "view_token"}}, {"model": "auth.permission", "pk": 29, "fields": {"name": "Can add token", "content_type": 8, "codename": "add_tokenproxy"}}, {"model": "auth.permission", "pk": 30, "fields": {"name": "Can change token", "content_type": 8, "codename": "change_tokenproxy"}}, {"model": "auth.permission", "pk": 31, "fields": {"name": "Can delete token", "content_type": 8, "codename": "delete_tokenproxy"}}, {"model": "auth.permission", "pk": 32, "fields": {"name": "Can view token", "content_type": 8, "codename": "view_tokenproxy"}}, {"model": "auth.permission", "pk": 33, "fields": {"name": "Can add site", "content_type": 9, "codename": "add_site"}}, {"model": "auth.permission", "pk": 34, "fields": {"name": "Can change site", "content_type": 9, "codename": "change_site"}}, {"model": "auth.permission", "pk": 35, "fields": {"name": "Can delete site", "content_type": 9, "codename": "delete_site"}}, {"model": "auth.permission", "pk": 36, "fields": {"name": "Can view site", "content_type": 9, "codename": "view_site"}}, {"model": "auth.permission", "pk": 37, "fields": {"name": "Can add email address", "content_type": 10, "codename": "add_emailaddress"}}, {"model": "auth.permission", "pk": 38, "fields": {"name": "Can change email address", "content_type": 10, "codename": "change_emailaddress"}}, {"model": "auth.permission", "pk": 39, "fields": {"name": "Can delete email address", "content_type": 10, "codename": "delete_emailaddress"}}, {"model": "auth.permission", "pk": 40, "fields": {"name": "Can view email address", "content_type": 10, "codename": "view_emailaddress"}}, {"model": "auth.permission", "pk": 41, "fields": {"name": "Can add email confirmation", "content_type": 11, "codename": "add_emailconfirmation"}}, {"model": "auth.permission", "pk": 42, "fields": {"name": "Can change email confirmation", "content_type": 11, "codename": "change_emailconfirmation"}}, {"model": "auth.permission", "pk": 43, "fields": {"name": "Can delete email confirmation", "content_type": 11, "codename": "delete_emailconfirmation"}}, {"model": "auth.permission", "pk": 44, "fields": {"name": "Can view email confirmation", "content_type": 11, "codename": "view_emailconfirmation"}}, {"model": "auth.permission", "pk": 45, "fields": {"name": "Can add social account", "content_type": 12, "codename": "add_socialaccount"}}, {"model": "auth.permission", "pk": 46, "fields": {"name": "Can change social account", "content_type": 12, "codename": "change_socialaccount"}}, {"model": "auth.permission", "pk": 47, "fields": {"name": "Can delete social account", "content_type": 12, "codename": "delete_socialaccount"}}, {"model": "auth.permission", "pk": 48, "fields": {"name": "Can view social account", "content_type": 12, "codename": "view_socialaccount"}}, {"model": "auth.permission", "pk": 49, "fields": {"name": "Can add social application", "content_type": 13, "codename": "add_socialapp"}}, {"model": "auth.permission", "pk": 50, "fields": {"name": "Can change social application", "content_type": 13, "codename": "change_socialapp"}}, {"model": "auth.permission", "pk": 51, "fields": {"name": "Can delete social application", "content_type": 13, "codename": "delete_socialapp"}}, {"model": "auth.permission", "pk": 52, "fields": {"name": "Can view social application", "content_type": 13, "codename": "view_socialapp"}}, {"model": "auth.permission", "pk": 53, "fields": {"name": "Can add social application token", "content_type": 14, "codename": "add_socialtoken"}}, {"model": "auth.permission", "pk": 54, "fields": {"name": "Can change social application token", "content_type": 14, "codename": "change_socialtoken"}}, {"model": "auth.permission", "pk": 55, "fields": {"name": "Can delete social application token", "content_type": 14, "codename": "delete_socialtoken"}}, {"model": "auth.permission", "pk": 56, "fields": {"name": "Can view social application token", "content_type": 14, "codename": "view_socialtoken"}}, {"model": "auth.permission", "pk": 57, "fields": {"name": "Can add profile", "content_type": 39, "codename": "add_profile"}}, {"model": "auth.permission", "pk": 58, "fields": {"name": "Can change profile", "content_type": 39, "codename": "change_profile"}}, {"model": "auth.permission", "pk": 59, "fields": {"name": "Can delete profile", "content_type": 39, "codename": "delete_profile"}}, {"model": "auth.permission", "pk": 60, "fields": {"name": "Can view profile", "content_type": 39, "codename": "view_profile"}}, {"model": "auth.permission", "pk": 61, "fields": {"name": "Can add issue", "content_type": 40, "codename": "add_issue"}}, {"model": "auth.permission", "pk": 62, "fields": {"name": "Can change issue", "content_type": 40, "codename": "change_issue"}}, {"model": "auth.permission", "pk": 63, "fields": {"name": "Can delete issue", "content_type": 40, "codename": "delete_issue"}}, {"model": "auth.permission", "pk": 64, "fields": {"name": "Can view issue", "content_type": 40, "codename": "view_issue"}}, {"model": "auth.permission", "pk": 65, "fields": {"name": "Can add comment", "content_type": 41, "codename": "add_comment"}}, {"model": "auth.permission", "pk": 66, "fields": {"name": "Can change comment", "content_type": 41, "codename": "change_comment"}}, {"model": "auth.permission", "pk": 67, "fields": {"name": "Can delete comment", "content_type": 41, "codename": "delete_comment"}}, {"model": "auth.permission", "pk": 68, "fields": {"name": "Can view comment", "content_type": 41, "codename": "view_comment"}}, {"model": "auth.permission", "pk": 69, "fields": {"name": "Can add training project", "content_type": 43, "codename": "add_trainingproject"}}, {"model": "auth.permission", "pk": 70, "fields": {"name": "Can change training project", "content_type": 43, "codename": "change_trainingproject"}}, {"model": "auth.permission", "pk": 71, "fields": {"name": "Can delete training project", "content_type": 43, "codename": "delete_trainingproject"}}, {"model": "auth.permission", "pk": 72, "fields": {"name": "Can view training project", "content_type": 43, "codename": "view_trainingproject"}}, {"model": "auth.permission", "pk": 73, "fields": {"name": "Can add training project label", "content_type": 44, "codename": "add_trainingprojectlabel"}}, {"model": "auth.permission", "pk": 74, "fields": {"name": "Can change training project label", "content_type": 44, "codename": "change_trainingprojectlabel"}}, {"model": "auth.permission", "pk": 75, "fields": {"name": "Can delete training project label", "content_type": 44, "codename": "delete_trainingprojectlabel"}}, {"model": "auth.permission", "pk": 76, "fields": {"name": "Can view training project label", "content_type": 44, "codename": "view_trainingprojectlabel"}}, {"model": "auth.permission", "pk": 77, "fields": {"name": "Can add training project image", "content_type": 45, "codename": "add_trainingprojectimage"}}, {"model": "auth.permission", "pk": 78, "fields": {"name": "Can change training project image", "content_type": 45, "codename": "change_trainingprojectimage"}}, {"model": "auth.permission", "pk": 79, "fields": {"name": "Can delete training project image", "content_type": 45, "codename": "delete_trainingprojectimage"}}, {"model": "auth.permission", "pk": 80, "fields": {"name": "Can view training project image", "content_type": 45, "codename": "view_trainingprojectimage"}}, {"model": "auth.permission", "pk": 81, "fields": {"name": "Can add manifest", "content_type": 47, "codename": "add_manifest"}}, {"model": "auth.permission", "pk": 82, "fields": {"name": "Can change manifest", "content_type": 47, "codename": "change_manifest"}}, {"model": "auth.permission", "pk": 83, "fields": {"name": "Can delete manifest", "content_type": 47, "codename": "delete_manifest"}}, {"model": "auth.permission", "pk": 84, "fields": {"name": "Can view manifest", "content_type": 47, "codename": "view_manifest"}}, {"model": "auth.permission", "pk": 85, "fields": {"name": "Can add git data", "content_type": 48, "codename": "add_gitdata"}}, {"model": "auth.permission", "pk": 86, "fields": {"name": "Can change git data", "content_type": 48, "codename": "change_gitdata"}}, {"model": "auth.permission", "pk": 87, "fields": {"name": "Can delete git data", "content_type": 48, "codename": "delete_gitdata"}}, {"model": "auth.permission", "pk": 88, "fields": {"name": "Can view git data", "content_type": 48, "codename": "view_gitdata"}}, {"model": "auth.permission", "pk": 89, "fields": {"name": "Can add user profile", "content_type": 49, "codename": "add_userprofile"}}, {"model": "auth.permission", "pk": 90, "fields": {"name": "Can change user profile", "content_type": 49, "codename": "change_userprofile"}}, {"model": "auth.permission", "pk": 91, "fields": {"name": "Can delete user profile", "content_type": 49, "codename": "delete_userprofile"}}, {"model": "auth.permission", "pk": 92, "fields": {"name": "Can view user profile", "content_type": 49, "codename": "view_userprofile"}}, {"model": "auth.permission", "pk": 93, "fields": {"name": "Can add challenge", "content_type": 50, "codename": "add_challenge"}}, {"model": "auth.permission", "pk": 94, "fields": {"name": "Can change challenge", "content_type": 50, "codename": "change_challenge"}}, {"model": "auth.permission", "pk": 95, "fields": {"name": "Can delete challenge", "content_type": 50, "codename": "delete_challenge"}}, {"model": "auth.permission", "pk": 96, "fields": {"name": "Can view challenge", "content_type": 50, "codename": "view_challenge"}}, {"model": "auth.permission", "pk": 97, "fields": {"name": "Can add badge", "content_type": 51, "codename": "add_badge"}}, {"model": "auth.permission", "pk": 98, "fields": {"name": "Can change badge", "content_type": 51, "codename": "change_badge"}}, {"model": "auth.permission", "pk": 99, "fields": {"name": "Can delete badge", "content_type": 51, "codename": "delete_badge"}}, {"model": "auth.permission", "pk": 100, "fields": {"name": "Can view badge", "content_type": 51, "codename": "view_badge"}}, {"model": "auth.permission", "pk": 101, "fields": {"name": "Can add badge status", "content_type": 52, "codename": "add_badgestatus"}}, {"model": "auth.permission", "pk": 102, "fields": {"name": "Can change badge status", "content_type": 52, "codename": "change_badgestatus"}}, {"model": "auth.permission", "pk": 103, "fields": {"name": "Can delete badge status", "content_type": 52, "codename": "delete_badgestatus"}}, {"model": "auth.permission", "pk": 104, "fields": {"name": "Can view badge status", "content_type": 52, "codename": "view_badgestatus"}}, {"model": "auth.permission", "pk": 105, "fields": {"name": "Can add energizer data", "content_type": 53, "codename": "add_energizerdata"}}, {"model": "auth.permission", "pk": 106, "fields": {"name": "Can change energizer data", "content_type": 53, "codename": "change_energizerdata"}}, {"model": "auth.permission", "pk": 107, "fields": {"name": "Can delete energizer data", "content_type": 53, "codename": "delete_energizerdata"}}, {"model": "auth.permission", "pk": 108, "fields": {"name": "Can view energizer data", "content_type": 53, "codename": "view_energizerdata"}}, {"model": "auth.permission", "pk": 109, "fields": {"name": "Can add shop item", "content_type": 54, "codename": "add_shopitem"}}, {"model": "auth.permission", "pk": 110, "fields": {"name": "Can change shop item", "content_type": 54, "codename": "change_shopitem"}}, {"model": "auth.permission", "pk": 111, "fields": {"name": "Can delete shop item", "content_type": 54, "codename": "delete_shopitem"}}, {"model": "auth.permission", "pk": 112, "fields": {"name": "Can view shop item", "content_type": 54, "codename": "view_shopitem"}}, {"model": "auth.permission", "pk": 113, "fields": {"name": "Can add statistic", "content_type": 55, "codename": "add_statistic"}}, {"model": "auth.permission", "pk": 114, "fields": {"name": "Can change statistic", "content_type": 55, "codename": "change_statistic"}}, {"model": "auth.permission", "pk": 115, "fields": {"name": "Can delete statistic", "content_type": 55, "codename": "delete_statistic"}}, {"model": "auth.permission", "pk": 116, "fields": {"name": "Can view statistic", "content_type": 55, "codename": "view_statistic"}}, {"model": "auth.permission", "pk": 117, "fields": {"name": "Can add statistics status", "content_type": 56, "codename": "add_statisticsstatus"}}, {"model": "auth.permission", "pk": 118, "fields": {"name": "Can change statistics status", "content_type": 56, "codename": "change_statisticsstatus"}}, {"model": "auth.permission", "pk": 119, "fields": {"name": "Can delete statistics status", "content_type": 56, "codename": "delete_statisticsstatus"}}, {"model": "auth.permission", "pk": 120, "fields": {"name": "Can view statistics status", "content_type": 56, "codename": "view_statisticsstatus"}}, {"model": "auth.permission", "pk": 121, "fields": {"name": "Can add item status", "content_type": 57, "codename": "add_itemstatus"}}, {"model": "auth.permission", "pk": 122, "fields": {"name": "Can change item status", "content_type": 57, "codename": "change_itemstatus"}}, {"model": "auth.permission", "pk": 123, "fields": {"name": "Can delete item status", "content_type": 57, "codename": "delete_itemstatus"}}, {"model": "auth.permission", "pk": 124, "fields": {"name": "Can view item status", "content_type": 57, "codename": "view_itemstatus"}}, {"model": "auth.permission", "pk": 125, "fields": {"name": "Can add challenge status", "content_type": 58, "codename": "add_challengestatus"}}, {"model": "auth.permission", "pk": 126, "fields": {"name": "Can change challenge status", "content_type": 58, "codename": "change_challengestatus"}}, {"model": "auth.permission", "pk": 127, "fields": {"name": "Can delete challenge status", "content_type": 58, "codename": "delete_challengestatus"}}, {"model": "auth.permission", "pk": 128, "fields": {"name": "Can view challenge status", "content_type": 58, "codename": "view_challengestatus"}}, {"model": "auth.permission", "pk": 129, "fields": {"name": "Can add quiz duel question", "content_type": 59, "codename": "add_quizduelquestion"}}, {"model": "auth.permission", "pk": 130, "fields": {"name": "Can change quiz duel question", "content_type": 59, "codename": "change_quizduelquestion"}}, {"model": "auth.permission", "pk": 131, "fields": {"name": "Can delete quiz duel question", "content_type": 59, "codename": "delete_quizduelquestion"}}, {"model": "auth.permission", "pk": 132, "fields": {"name": "Can view quiz duel question", "content_type": 59, "codename": "view_quizduelquestion"}}, {"model": "auth.permission", "pk": 133, "fields": {"name": "Can add question", "content_type": 60, "codename": "add_question"}}, {"model": "auth.permission", "pk": 134, "fields": {"name": "Can change question", "content_type": 60, "codename": "change_question"}}, {"model": "auth.permission", "pk": 135, "fields": {"name": "Can delete question", "content_type": 60, "codename": "delete_question"}}, {"model": "auth.permission", "pk": 136, "fields": {"name": "Can view question", "content_type": 60, "codename": "view_question"}}, {"model": "auth.permission", "pk": 137, "fields": {"name": "Can add chat room", "content_type": 61, "codename": "add_chatroom"}}, {"model": "auth.permission", "pk": 138, "fields": {"name": "Can change chat room", "content_type": 61, "codename": "change_chatroom"}}, {"model": "auth.permission", "pk": 139, "fields": {"name": "Can delete chat room", "content_type": 61, "codename": "delete_chatroom"}}, {"model": "auth.permission", "pk": 140, "fields": {"name": "Can view chat room", "content_type": 61, "codename": "view_chatroom"}}, {"model": "auth.permission", "pk": 141, "fields": {"name": "Can add chat message", "content_type": 62, "codename": "add_chatmessage"}}, {"model": "auth.permission", "pk": 142, "fields": {"name": "Can change chat message", "content_type": 62, "codename": "change_chatmessage"}}, {"model": "auth.permission", "pk": 143, "fields": {"name": "Can delete chat message", "content_type": 62, "codename": "delete_chatmessage"}}, {"model": "auth.permission", "pk": 144, "fields": {"name": "Can view chat message", "content_type": 62, "codename": "view_chatmessage"}}, {"model": "auth.permission", "pk": 145, "fields": {"name": "Can add gamif log", "content_type": 63, "codename": "add_gamiflog"}}, {"model": "auth.permission", "pk": 146, "fields": {"name": "Can change gamif log", "content_type": 63, "codename": "change_gamiflog"}}, {"model": "auth.permission", "pk": 147, "fields": {"name": "Can delete gamif log", "content_type": 63, "codename": "delete_gamiflog"}}, {"model": "auth.permission", "pk": 148, "fields": {"name": "Can view gamif log", "content_type": 63, "codename": "view_gamiflog"}}, {"model": "auth.group", "pk": 1, "fields": {"name": "admin", "permissions": []}}, {"model": "auth.group", "pk": 2, "fields": {"name": "business", "permissions": []}}, {"model": "auth.group", "pk": 3, "fields": {"name": "user", "permissions": []}}, {"model": "auth.group", "pk": 4, "fields": {"name": "worker", "permissions": []}}, {"model": "auth.user", "pk": 1, "fields": {"password": "pbkdf2_sha256$260000$2Kv7gt42OhQjoHjNDPY6k1$CgcVASQqqLJKjbGxUDiCt6Dgju3xdX5A2aEeqmj01wc=", "last_login": "2023-01-12T14:05:51.709Z", "is_superuser": true, "username": "simon", "first_name": "", "last_name": "", "email": "simon.warsinsky@kit.edu", "is_staff": true, "is_active": true, "date_joined": "2022-04-29T08:46:35.460Z", "groups": [1], "user_permissions": []}}, {"model": "auth.user", "pk": 2, "fields": {"password": "pbkdf2_sha256$260000$pHEueKscrj1uBE6sWtd4KU$MZOjDf6i5jRIRXe0EeRnM/5l9lsP/JXSnW0qjZ6pj2s=", "last_login": null, "is_superuser": false, "username": "nomis", "first_name": "", "last_name": "", "email": "", "is_staff": false, "is_active": true, "date_joined": "2022-06-22T21:00:05.476Z", "groups": [3], "user_permissions": []}}, {"model": "auth.user", "pk": 3, "fields": {"password": "pbkdf2_sha256$260000$e2lPwiQxwFAq8eYD8Cqigd$pwZ7ovHUC6I6gDUe4t5CgsPDBcf5Yh6nmwcPT9yJJis=", "last_login": null, "is_superuser": false, "username": "testuser123", "first_name": "", "last_name": "", "email": "", "is_staff": false, "is_active": true, "date_joined": "2022-08-06T18:11:58.242Z", "groups": [3], "user_permissions": []}}, {"model": "contenttypes.contenttype", "pk": 1, "fields": {"app_label": "admin", "model": "logentry"}}, {"model": "contenttypes.contenttype", "pk": 2, "fields": {"app_label": "auth", "model": "permission"}}, {"model": "contenttypes.contenttype", "pk": 3, "fields": {"app_label": "auth", "model": "group"}}, {"model": "contenttypes.contenttype", "pk": 4, "fields": {"app_label": "auth", "model": "user"}}, {"model": "contenttypes.contenttype", "pk": 5, "fields": {"app_label": "contenttypes", "model": "contenttype"}}, {"model": "contenttypes.contenttype", "pk": 6, "fields": {"app_label": "sessions", "model": "session"}}, {"model": "contenttypes.contenttype", "pk": 7, "fields": {"app_label": "authtoken", "model": "token"}}, {"model": "contenttypes.contenttype", "pk": 8, "fields": {"app_label": "authtoken", "model": "tokenproxy"}}, {"model": "contenttypes.contenttype", "pk": 9, "fields": {"app_label": "sites", "model": "site"}}, {"model": "contenttypes.contenttype", "pk": 10, "fields": {"app_label": "account", "model": "emailaddress"}}, {"model": "contenttypes.contenttype", "pk": 11, "fields": {"app_label": "account", "model": "emailconfirmation"}}, {"model": "contenttypes.contenttype", "pk": 12, "fields": {"app_label": "socialaccount", "model": "socialaccount"}}, {"model": "contenttypes.contenttype", "pk": 13, "fields": {"app_label": "socialaccount", "model": "socialapp"}}, {"model": "contenttypes.contenttype", "pk": 14, "fields": {"app_label": "socialaccount", "model": "socialtoken"}}, {"model": "contenttypes.contenttype", "pk": 15, "fields": {"app_label": "organizations", "model": "organization"}}, {"model": "contenttypes.contenttype", "pk": 16, "fields": {"app_label": "organizations", "model": "membership"}}, {"model": "contenttypes.contenttype", "pk": 17, "fields": {"app_label": "organizations", "model": "invitation"}}, {"model": "contenttypes.contenttype", "pk": 18, "fields": {"app_label": "engine", "model": "attributespec"}}, {"model": "contenttypes.contenttype", "pk": 19, "fields": {"app_label": "engine", "model": "job"}}, {"model": "contenttypes.contenttype", "pk": 20, "fields": {"app_label": "engine", "model": "label"}}, {"model": "contenttypes.contenttype", "pk": 21, "fields": {"app_label": "engine", "model": "segment"}}, {"model": "contenttypes.contenttype", "pk": 22, "fields": {"app_label": "engine", "model": "task"}}, {"model": "contenttypes.contenttype", "pk": 23, "fields": {"app_label": "engine", "model": "clientfile"}}, {"model": "contenttypes.contenttype", "pk": 24, "fields": {"app_label": "engine", "model": "remotefile"}}, {"model": "contenttypes.contenttype", "pk": 25, "fields": {"app_label": "engine", "model": "serverfile"}}, {"model": "contenttypes.contenttype", "pk": 26, "fields": {"app_label": "engine", "model": "image"}}, {"model": "contenttypes.contenttype", "pk": 27, "fields": {"app_label": "engine", "model": "video"}}, {"model": "contenttypes.contenttype", "pk": 28, "fields": {"app_label": "engine", "model": "labeledimageattributeval"}}, {"model": "contenttypes.contenttype", "pk": 29, "fields": {"app_label": "engine", "model": "labeledshapeattributeval"}}, {"model": "contenttypes.contenttype", "pk": 30, "fields": {"app_label": "engine", "model": "labeledtrackattributeval"}}, {"model": "contenttypes.contenttype", "pk": 31, "fields": {"app_label": "engine", "model": "trackedshape"}}, {"model": "contenttypes.contenttype", "pk": 32, "fields": {"app_label": "engine", "model": "trackedshapeattributeval"}}, {"model": "contenttypes.contenttype", "pk": 33, "fields": {"app_label": "engine", "model": "labeledimage"}}, {"model": "contenttypes.contenttype", "pk": 34, "fields": {"app_label": "engine", "model": "labeledshape"}}, {"model": "contenttypes.contenttype", "pk": 35, "fields": {"app_label": "engine", "model": "labeledtrack"}}, {"model": "contenttypes.contenttype", "pk": 36, "fields": {"app_label": "engine", "model": "jobcommit"}}, {"model": "contenttypes.contenttype", "pk": 37, "fields": {"app_label": "engine", "model": "project"}}, {"model": "contenttypes.contenttype", "pk": 38, "fields": {"app_label": "engine", "model": "data"}}, {"model": "contenttypes.contenttype", "pk": 39, "fields": {"app_label": "engine", "model": "profile"}}, {"model": "contenttypes.contenttype", "pk": 40, "fields": {"app_label": "engine", "model": "issue"}}, {"model": "contenttypes.contenttype", "pk": 41, "fields": {"app_label": "engine", "model": "comment"}}, {"model": "contenttypes.contenttype", "pk": 42, "fields": {"app_label": "engine", "model": "relatedfile"}}, {"model": "contenttypes.contenttype", "pk": 43, "fields": {"app_label": "engine", "model": "trainingproject"}}, {"model": "contenttypes.contenttype", "pk": 44, "fields": {"app_label": "engine", "model": "trainingprojectlabel"}}, {"model": "contenttypes.contenttype", "pk": 45, "fields": {"app_label": "engine", "model": "trainingprojectimage"}}, {"model": "contenttypes.contenttype", "pk": 46, "fields": {"app_label": "engine", "model": "cloudstorage"}}, {"model": "contenttypes.contenttype", "pk": 47, "fields": {"app_label": "engine", "model": "manifest"}}, {"model": "contenttypes.contenttype", "pk": 48, "fields": {"app_label": "dataset_repo", "model": "gitdata"}}, {"model": "contenttypes.contenttype", "pk": 49, "fields": {"app_label": "gamification", "model": "userprofile"}}, {"model": "contenttypes.contenttype", "pk": 50, "fields": {"app_label": "gamification", "model": "challenge"}}, {"model": "contenttypes.contenttype", "pk": 51, "fields": {"app_label": "gamification", "model": "badge"}}, {"model": "contenttypes.contenttype", "pk": 52, "fields": {"app_label": "gamification", "model": "badgestatus"}}, {"model": "contenttypes.contenttype", "pk": 53, "fields": {"app_label": "gamification", "model": "energizerdata"}}, {"model": "contenttypes.contenttype", "pk": 54, "fields": {"app_label": "gamification", "model": "shopitem"}}, {"model": "contenttypes.contenttype", "pk": 55, "fields": {"app_label": "gamification", "model": "statistic"}}, {"model": "contenttypes.contenttype", "pk": 56, "fields": {"app_label": "gamification", "model": "statisticsstatus"}}, {"model": "contenttypes.contenttype", "pk": 57, "fields": {"app_label": "gamification", "model": "itemstatus"}}, {"model": "contenttypes.contenttype", "pk": 58, "fields": {"app_label": "gamification", "model": "challengestatus"}}, {"model": "contenttypes.contenttype", "pk": 59, "fields": {"app_label": "gamification", "model": "quizduelquestion"}}, {"model": "contenttypes.contenttype", "pk": 60, "fields": {"app_label": "gamification", "model": "question"}}, {"model": "contenttypes.contenttype", "pk": 61, "fields": {"app_label": "gamification", "model": "chatroom"}}, {"model": "contenttypes.contenttype", "pk": 62, "fields": {"app_label": "gamification", "model": "chatmessage"}}, {"model": "contenttypes.contenttype", "pk": 63, "fields": {"app_label": "gamification", "model": "gamiflog"}}, {"model": "sessions.session", "pk": "9fkffqvjk54d3ihlmzbi9qhm1rizd4rk", "fields": {"session_data": ".eJxVjEEOwiAQRe_C2hApQ0GX7nsGMjOAVA0kpV0Z7y5NutDte-__t_C4rdlvLS5-DuIqlDj9MkJ-xrKL8MByr5JrWZeZ5J7IwzY51RBft6P9O8jYcl8nZWwanAuk-awiAFysdSOC1o6JoEs2CDiAAeiIOaYQFKHSY0JL4vMF2A84Lg:1oCfuy:XIOLeSW2KHs7-F1llwWB6LQ2rhlvVuM65OiohV_Muus", "expire_date": "2022-07-30T11:25:04.112Z"}}, {"model": "sessions.session", "pk": "acked9jwfbfrx5roxamtx9rlshnzntro", "fields": {"session_data": ".eJxVjEEOwiAQRe_C2hApQ0GX7nsGMjOAVA0kpV0Z7y5NutDte-__t_C4rdlvLS5-DuIqlDj9MkJ-xrKL8MByr5JrWZeZ5J7IwzY51RBft6P9O8jYcl8nZWwanAuk-awiAFysdSOC1o6JoEs2CDiAAeiIOaYQFKHSY0JL4vMF2A84Lg:1p3ZPp:PSR71q_BM3aPV2tzj7EXKuxAH52Xc1FjRBOrlQb4hPs", "expire_date": "2022-12-23T09:11:33.288Z"}}, {"model": "sessions.session", "pk": "hu4bedb2tzu3o99xhqxla44mw41vizgy", "fields": {"session_data": ".eJxVjEEOwiAQRe_C2hApQ0GX7nsGMjOAVA0kpV0Z7y5NutDte-__t_C4rdlvLS5-DuIqlDj9MkJ-xrKL8MByr5JrWZeZ5J7IwzY51RBft6P9O8jYcl8nZWwanAuk-awiAFysdSOC1o6JoEs2CDiAAeiIOaYQFKHSY0JL4vMF2A84Lg:1oVson:RXID2wG0cAzVRoZ7kru9EwjqxGA2f9MdmvbCbVjKr9s", "expire_date": "2022-09-21T11:02:05.924Z"}}, {"model": "sessions.session", "pk": "jhab4j50s0m3hpyoaoioj7amveupsmm2", "fields": {"session_data": ".eJxVjEEOwiAQRe_C2hApQ0GX7nsGMjOAVA0kpV0Z7y5NutDte-__t_C4rdlvLS5-DuIqlDj9MkJ-xrKL8MByr5JrWZeZ5J7IwzY51RBft6P9O8jYcl8nZWwanAuk-awiAFysdSOC1o6JoEs2CDiAAeiIOaYQFKHSY0JL4vMF2A84Lg:1o7FSZ:ccmEg3dgYf5gcPzdYO0KOBA-9X2y5i_jlfSpgqIgTBU", "expire_date": "2022-07-15T12:09:19.554Z"}}, {"model": "sessions.session", "pk": "kcntj399e90plsx0m07texoyggolt08d", "fields": {"session_data": ".eJxVjEEOwiAQRe_C2hApQ0GX7nsGMjOAVA0kpV0Z7y5NutDte-__t_C4rdlvLS5-DuIqlDj9MkJ-xrKL8MByr5JrWZeZ5J7IwzY51RBft6P9O8jYcl8nZWwanAuk-awiAFysdSOC1o6JoEs2CDiAAeiIOaYQFKHSY0JL4vMF2A84Lg:1nkMn1:eHWApRL4-1VV4_SClai7wB3qBqS7AasvN5eya075pwE", "expire_date": "2022-05-13T09:19:51.012Z"}}, {"model": "sessions.session", "pk": "lj5nfwff0i0z6k6090gqdxyq7aa488m2", "fields": {"session_data": ".eJxVjEEOwiAQRe_C2hApQ0GX7nsGMjOAVA0kpV0Z7y5NutDte-__t_C4rdlvLS5-DuIqlDj9MkJ-xrKL8MByr5JrWZeZ5J7IwzY51RBft6P9O8jYcl8nZWwanAuk-awiAFysdSOC1o6JoEs2CDiAAeiIOaYQFKHSY0JL4vMF2A84Lg:1oIcm9:KVpVIy-bCt0FuSHrPnwQQ3bCw6jtV2Qn4Q7FFPCsJGQ", "expire_date": "2022-08-15T21:16:33.205Z"}}, {"model": "sessions.session", "pk": "lq9dbqxm0mvhxtak5scowkzq93h4fyu9", "fields": {"session_data": ".eJxVjEEOwiAQRe_C2hApQ0GX7nsGMjOAVA0kpV0Z7y5NutDte-__t_C4rdlvLS5-DuIqlDj9MkJ-xrKL8MByr5JrWZeZ5J7IwzY51RBft6P9O8jYcl8nZWwanAuk-awiAFysdSOC1o6JoEs2CDiAAeiIOaYQFKHSY0JL4vMF2A84Lg:1ogYa0:4_XGKy6tvJVTaIB9JvPIi5CdtGBKpx6GYPA9Jt1T-Hw", "expire_date": "2022-10-20T21:38:56.786Z"}}, {"model": "sessions.session", "pk": "rahmlw3e1xuxxcv1fy05iylyfkl9rygl", "fields": {"session_data": ".eJxVjEEOwiAQRe_C2hApQ0GX7nsGMjOAVA0kpV0Z7y5NutDte-__t_C4rdlvLS5-DuIqlDj9MkJ-xrKL8MByr5JrWZeZ5J7IwzY51RBft6P9O8jYcl8nZWwanAuk-awiAFysdSOC1o6JoEs2CDiAAeiIOaYQFKHSY0JL4vMF2A84Lg:1nss0V:L-VoRiop2QcuJa38ySqalsAP__tzv3g4fkKZwoleLF4", "expire_date": "2022-06-05T20:16:55.995Z"}}, {"model": "sessions.session", "pk": "spp7zeuucb102ol5zgpk7owh7mfah5wc", "fields": {"session_data": ".eJxVjEEOwiAQRe_C2hApQ0GX7nsGMjOAVA0kpV0Z7y5NutDte-__t_C4rdlvLS5-DuIqlDj9MkJ-xrKL8MByr5JrWZeZ5J7IwzY51RBft6P9O8jYcl8nZWwanAuk-awiAFysdSOC1o6JoEs2CDiAAeiIOaYQFKHSY0JL4vMF2A84Lg:1obHbv:V84leIJQ_L9ABHmTqhcMe7BSmmlH78JbaSQObRRDLcI", "expire_date": "2022-10-06T08:31:07.440Z"}}, {"model": "sessions.session", "pk": "t673epro6im2iyq054cd1a5i6nyzuaoa", "fields": {"session_data": ".eJxVjEEOwiAQRe_C2hApQ0GX7nsGMjOAVA0kpV0Z7y5NutDte-__t_C4rdlvLS5-DuIqlDj9MkJ-xrKL8MByr5JrWZeZ5J7IwzY51RBft6P9O8jYcl8nZWwanAuk-awiAFysdSOC1o6JoEs2CDiAAeiIOaYQFKHSY0JL4vMF2A84Lg:1pFyDK:TQLV0Eg8kdUQ4DUll-ZavZXKgATDcR9bl1SOapfUhaQ", "expire_date": "2023-01-26T14:05:54.353Z"}}, {"model": "sessions.session", "pk": "v04aarm46mg52vrvxqd7xsvjlmsvv07r", "fields": {"session_data": ".eJxVjEEOwiAQRe_C2hApQ0GX7nsGMjOAVA0kpV0Z7y5NutDte-__t_C4rdlvLS5-DuIqlDj9MkJ-xrKL8MByr5JrWZeZ5J7IwzY51RBft6P9O8jYcl8nZWwanAuk-awiAFysdSOC1o6JoEs2CDiAAeiIOaYQFKHSY0JL4vMF2A84Lg:1oO0Ju:mII2D94fHg56h46_o-piD4twMKP33O-8Wzhik5aHRUE", "expire_date": "2022-08-30T17:25:38.302Z"}}, {"model": "sessions.session", "pk": "y85uf69twdmxrz6gifnyqjka59n6s0s1", "fields": {"session_data": ".eJxVjEEOwiAQRe_C2hApQ0GX7nsGMjOAVA0kpV0Z7y5NutDte-__t_C4rdlvLS5-DuIqlDj9MkJ-xrKL8MByr5JrWZeZ5J7IwzY51RBft6P9O8jYcl8nZWwanAuk-awiAFysdSOC1o6JoEs2CDiAAeiIOaYQFKHSY0JL4vMF2A84Lg:1o26sP:RKfbFbuyazx2iDXaJ29ocXr9Lu5TQqcqCUBvIBgWb7w", "expire_date": "2022-07-01T07:58:45.855Z"}}, {"model": "authtoken.token", "pk": "39d38a7b68a55049edaffaf26cf00239fb5e2c99", "fields": {"user": 1, "created": "2022-04-29T09:19:50.936Z"}}, {"model": "sites.site", "pk": 1, "fields": {"domain": "example.com", "name": "example.com"}}, {"model": "engine.data", "pk": 1, "fields": {"chunk_size": 72, "size": 2, "image_quality": 70, "start_frame": 0, "stop_frame": 1, "frame_filter": "", "compressed_chunk_type": "imageset", "original_chunk_type": "imageset", "storage_method": "cache", "storage": "local", "cloud_storage": null, "sorting_method": "lexicographical"}}, {"model": "engine.data", "pk": 2, "fields": {"chunk_size": 10, "size": 1, "image_quality": 70, "start_frame": 0, "stop_frame": 0, "frame_filter": "", "compressed_chunk_type": "imageset", "original_chunk_type": "imageset", "storage_method": "cache", "storage": "local", "cloud_storage": null, "sorting_method": "lexicographical"}}, {"model": "engine.image", "pk": 1, "fields": {"data": 1, "path": "14 A 2von3 Bild 5 Rayan.png", "frame": 0, "width": 1034, "height": 823}}, {"model": "engine.image", "pk": 2, "fields": {"data": 1, "path": "28 3von3 Bild 11 Rayan.png", "frame": 1, "width": 1471, "height": 826}}, {"model": "engine.image", "pk": 3, "fields": {"data": 2, "path": "car_picture_no_overlay.jpg", "frame": 0, "width": 3200, "height": 2133}}, {"model": "engine.project", "pk": 1, "fields": {"name": "TestProject", "owner": 1, "assignee": null, "bug_tracker": "", "created_date": "2022-08-12T07:21:14.183Z", "updated_date": "2022-08-12T07:21:14.183Z", "status": "annotation", "organization": null, "training_project": null}}, {"model": "engine.task", "pk": 1, "fields": {"project": null, "name": "Test_Task 1", "mode": "annotation", "owner": 1, "assignee": null, "bug_tracker": "", "created_date": "2022-04-29T09:32:59.731Z", "updated_date": "2022-04-29T09:33:00.429Z", "overlap": 0, "segment_size": 2, "status": "annotation", "data": 1, "dimension": "2d", "subset": "", "organization": null}}, {"model": "engine.task", "pk": 2, "fields": {"project": null, "name": "Test2", "mode": "annotation", "owner": 1, "assignee": 1, "bug_tracker": "", "created_date": "2022-05-03T08:25:19.097Z", "updated_date": "2022-09-08T15:25:54.347Z", "overlap": 0, "segment_size": 1, "status": "annotation", "data": 2, "dimension": "2d", "subset": "", "organization": null}}, {"model": "engine.clientfile", "pk": 1, "fields": {"data": 1, "file": "/mnt/c/Users/Simon/gameit-cvat/data/data/1/raw/14 A 2von3 Bild 5 Rayan.png"}}, {"model": "engine.clientfile", "pk": 2, "fields": {"data": 1, "file": "/mnt/c/Users/Simon/gameit-cvat/data/data/1/raw/28 3von3 Bild 11 Rayan.png"}}, {"model": "engine.clientfile", "pk": 3, "fields": {"data": 2, "file": "/mnt/c/Users/Simon/gameit-cvat/data/data/2/raw/car_picture_no_overlay.jpg"}}, {"model": "engine.segment", "pk": 1, "fields": {"task": 1, "start_frame": 0, "stop_frame": 1}}, {"model": "engine.segment", "pk": 2, "fields": {"task": 2, "start_frame": 0, "stop_frame": 0}}, {"model": "engine.job", "pk": 1, "fields": {"segment": 1, "assignee": null, "status": "annotation", "stage": "annotation", "state": "new"}}, {"model": "engine.job", "pk": 2, "fields": {"segment": 2, "assignee": null, "status": "annotation", "stage": "annotation", "state": "in progress"}}, {"model": "engine.label", "pk": 1, "fields": {"task": 1, "project": null, "name": "Label 1", "color": "#af2382"}}, {"model": "engine.label", "pk": 2, "fields": {"task": 1, "project": null, "name": "Label 2", "color": "#ff007c"}}, {"model": "engine.label", "pk": 3, "fields": {"task": 2, "project": null, "name": "1", "color": "#d12345"}}, {"model": "engine.label", "pk": 4, "fields": {"task": 2, "project": null, "name": "2", "color": "#350dea"}}, {"model": "engine.label", "pk": 5, "fields": {"task": 2, "project": null, "name": "3", "color": "#479ffe"}}, {"model": "engine.label", "pk": 6, "fields": {"task": null, "project": 1, "name": "1", "color": "#5e42e8"}}, {"model": "engine.jobcommit", "pk": 1, "fields": {"owner": null, "version": 1, "timestamp": "2022-09-08T15:25:54.356Z", "message": "Changes: tags - 0; shapes - 0; tracks - 1", "job": 2}}, {"model": "engine.jobcommit", "pk": 2, "fields": {"owner": null, "version": 2, "timestamp": "2022-09-08T15:25:54.449Z", "message": "Changes: tags - 0; shapes - 0; tracks - 0", "job": 2}}, {"model": "engine.jobcommit", "pk": 3, "fields": {"owner": null, "version": 3, "timestamp": "2022-09-08T15:25:54.537Z", "message": "Changes: tags - 0; shapes - 0; tracks - 0", "job": 2}}, {"model": "engine.labeledtrack", "pk": 1, "fields": {"job": 2, "label": 3, "frame": 0, "group": 0, "source": "manual"}}, {"model": "engine.trackedshape", "pk": 1, "fields": {"type": "polygon", "occluded": false, "z_order": 0, "points": "[912.3046875, 1093.8828125, 1133.8080769230783, 746.586538461539, 1612.3657692307715, 503.2057692307699, 2118.2696153846155, 760.2596153846171, 2265.9388461538474, 1320.8557692307695, 1924.1119230769255, 1744.721153846156, 868.5503846153861, 1728.3134615384624, 657.9850000000006, 940.7442307692309, 997.0773076923088, 1099.3519230769234, 942.3850000000002, 812.2173076923082, 781.0426923076939, 670.0173076923093, 619.7003846153857, 981.7634615384632, 368.11576923076973, 1405.628846153846, 887.6926923076935, 1807.6173076923078, 1472.9003846153864, 2070.1403846153844, 2501.1157692307715, 1629.8673076923078, 2763.638846153848, 872.3788461538479, 2498.381153846156, 421.1673076923089, 1571.346538461541, 333.6596153846167, 709.9426923076935, 426.6365384615401, 444.6850000000013, 1189.5942307692312, 854.877307692308, 1884.1865384615412]", "rotation": 0.0, "track": 1, "frame": 0, "outside": false}}, {"model": "engine.profile", "pk": 1, "fields": {"user": 1, "rating": 0.0}}, {"model": "engine.profile", "pk": 2, "fields": {"user": 2, "rating": 0.0}}, {"model": "engine.profile", "pk": 3, "fields": {"user": 3, "rating": 0.0}}, {"model": "gamification.badge", "pk": 4, "fields": {"title": "Test Badge 1", "instruction": "Annotate 100 Images", "goal": 100, "goalunit": "Images", "visible": true}}, {"model": "gamification.badge", "pk": 5, "fields": {"title": "Test Badge 2", "instruction": "Play a total of 10 Energizers", "goal": 10, "goalunit": "Energizers", "visible": true}}, {"model": "gamification.badge", "pk": 6, "fields": {"title": "Night Owl", "instruction": "Annotate 100 Images at night", "goal": 100, "goalunit": "Images", "visible": true}}, {"model": "gamification.badge", "pk": 7, "fields": {"title": "Cool Badge 123", "instruction": "Do something cool", "goal": 10, "goalunit": "images", "visible": true}}, {"model": "gamification.challenge", "pk": 1, "fields": {"instruction": "Annotate 10 Images", "goal": 10, "reward": 100, "challengeType": "Daily"}}, {"model": "gamification.challenge", "pk": 2, "fields": {"instruction": "Annotate Images for 7 Days in a Row", "goal": 7, "reward": 200, "challengeType": "Daily"}}, {"model": "gamification.shopitem", "pk": 1, "fields": {"itemName": "Red Avatar Border", "price": 100, "repeatable": false}}, {"model": "gamification.shopitem", "pk": 2, "fields": {"itemName": "Charge Pack", "price": 80, "repeatable": false}}, {"model": "gamification.shopitem", "pk": 3, "fields": {"itemName": "Green Avatar Border", "price": 100, "repeatable": false}}, {"model": "gamification.statistic", "pk": 1, "fields": {"name": "Images Annotated", "unit": "Images", "tooltip": "The amount of images annotated this session"}}, {"model": "gamification.statistic", "pk": 2, "fields": {"name": "Time spent annotating", "unit": "hours", "tooltip": "The amount of time spent annotating this session"}}, {"model": "gamification.userprofile", "pk": 1, "fields": {"user": 1, "last_login_date": "2023-01-25T15:51:45.293Z", "last_login_ms": 1674661545, "images_annotated_total": 0, "tags_set_total": 2, "images_annotated_night": 0, "annotation_time_total": 3930, "annotation_streak_current": 1, "annotation_streak_max": 10, "annotation_streak_saver": false, "badges_obtained_total": 0, "selectedBadges": "0", "challenges_completed": 3, "energy_current": 6, "energy_total": 70, "energizers_completed": 6, "energy_expired": 10, "tetris_played": 1, "quiz_played": 2, "snake_played": 3, "currentBalance": 570, "items_bought": "1,6,16", "annotation_coins_total": 70, "annotation_coins_max": 0, "items_bought_total": 0, "mystery_gifts_bought": 0, "chat_messages_total": 0, "profile_class": 0, "profile_background": 0, "profile_border": 0, "profile_background_elements": 0, "online_status": 3, "avatar": "0", "avatar_border": "0", "selectedStatistics": "3,1,6"}}, {"model": "gamification.userprofile", "pk": 2, "fields": {"user": 2, "last_login_date": "2022-10-09T10:42:01.990Z", "last_login_ms": 0, "images_annotated_total": 0, "tags_set_total": 0, "images_annotated_night": 0, "annotation_time_total": 0, "annotation_streak_current": 0, "annotation_streak_max": 0, "annotation_streak_saver": false, "badges_obtained_total": 0, "selectedBadges": "3,4,5", "challenges_completed": 0, "energy_current": 0, "energy_total": 0, "energizers_completed": 0, "energy_expired": 0, "tetris_played": 0, "quiz_played": 0, "snake_played": 0, "currentBalance": 0, "items_bought": "6", "annotation_coins_total": 0, "annotation_coins_max": 0, "items_bought_total": 0, "mystery_gifts_bought": 0, "chat_messages_total": 0, "profile_class": 0, "profile_background": 0, "profile_border": 0, "profile_background_elements": 0, "online_status": 2, "avatar": "0", "avatar_border": "0", "selectedStatistics": "1,2,6"}}, {"model": "gamification.userprofile", "pk": 3, "fields": {"user": 3, "last_login_date": "2022-10-09T10:41:37.358Z", "last_login_ms": 0, "images_annotated_total": 0, "tags_set_total": 0, "images_annotated_night": 0, "annotation_time_total": 0, "annotation_streak_current": 0, "annotation_streak_max": 0, "annotation_streak_saver": false, "badges_obtained_total": 0, "selectedBadges": "1,8", "challenges_completed": 0, "energy_current": 0, "energy_total": 0, "energizers_completed": 0, "energy_expired": 0, "tetris_played": 0, "quiz_played": 0, "snake_played": 0, "currentBalance": 0, "items_bought": "4", "annotation_coins_total": 0, "annotation_coins_max": 0, "items_bought_total": 0, "mystery_gifts_bought": 0, "chat_messages_total": 0, "profile_class": 0, "profile_background": 0, "profile_border": 0, "profile_background_elements": 0, "online_status": 1, "avatar": "0", "avatar_border": "0", "selectedStatistics": "1,2,3"}}, {"model": "gamification.badgestatus", "pk": "1-5", "fields": {"userId": 1, "badgeId": 5, "tier": 2, "receivedOn": "01/25/2023"}}, {"model": "gamification.badgestatus", "pk": "2-3", "fields": {"userId": 2, "badgeId": 3, "tier": 1, "receivedOn": "x"}}, {"model": "gamification.badgestatus", "pk": "2-4", "fields": {"userId": 2, "badgeId": 4, "tier": 1, "receivedOn": "s"}}, {"model": "gamification.badgestatus", "pk": "2-5", "fields": {"userId": 2, "badgeId": 5, "tier": 3, "receivedOn": "today"}}, {"model": "gamification.badgestatus", "pk": "3-1", "fields": {"userId": 3, "badgeId": 1, "tier": 2, "receivedOn": "Today"}}, {"model": "gamification.badgestatus", "pk": "3-13", "fields": {"userId": 3, "badgeId": 13, "tier": 1, "receivedOn": "08/10/2022"}}, {"model": "gamification.badgestatus", "pk": "3-8", "fields": {"userId": 3, "badgeId": 8, "tier": 2, "receivedOn": "today123"}}, {"model": "gamification.challengestatus", "pk": "1-1", "fields": {"userId": 1, "challengeId": 1, "title": "Annotate 50 Images", "goal": 50, "progress": 0}}, {"model": "gamification.challengestatus", "pk": "1-2", "fields": {"userId": 1, "challengeId": 2, "title": "Annotate 50 Minutes", "goal": 50, "progress": 0}}, {"model": "gamification.challengestatus", "pk": "1-4", "fields": {"userId": 1, "challengeId": 4, "title": "Complete 1 Energizers", "goal": 1, "progress": 0}}, {"model": "gamification.challengestatus", "pk": "1-7", "fields": {"userId": 1, "challengeId": 7, "title": "Play Quiz 1 times", "goal": 1, "progress": 0}}, {"model": "gamification.challengestatus", "pk": "1-8", "fields": {"userId": 1, "challengeId": 8, "title": "Obtain or upgrade 1 badge", "goal": 1, "progress": 0}}, {"model": "gamification.challengestatus", "pk": "1-9", "fields": {"userId": 1, "challengeId": 9, "title": "Collect 20 Energy", "goal": 20, "progress": 0}}, {"model": "gamification.chatroom", "pk": "1-2", "fields": {"user1": 1, "user2": 2}}, {"model": "gamification.chatroom", "pk": "1-3", "fields": {"user1": 1, "user2": 3}}, {"model": "gamification.chatmessage", "pk": 1, "fields": {"room": "1-2", "senderId": 0, "content": "hi!", "timestamp": "2022-08-06T18:13:37.020Z"}}, {"model": "gamification.chatmessage", "pk": 2, "fields": {"room": "1-3", "senderId": 0, "content": "hello!!", "timestamp": "2022-08-06T18:13:46.701Z"}}, {"model": "gamification.chatmessage", "pk": 3, "fields": {"room": "1-2", "senderId": 0, "content": "testest", "timestamp": "2022-08-06T18:14:04.935Z"}}, {"model": "gamification.energizerdata", "pk": 1, "fields": {"userProfile": 1, "energizer": "QUIZ", "score": 4, "timestamp": "2022-07-20T20:45:54.126Z"}}, {"model": "gamification.energizerdata", "pk": 2, "fields": {"userProfile": 1, "energizer": "SNAKE", "score": 5, "timestamp": "2022-07-20T20:45:54.126Z"}}, {"model": "gamification.energizerdata", "pk": 3, "fields": {"userProfile": 2, "energizer": "SNAKE", "score": 16, "timestamp": "2022-07-20T20:45:54.126Z"}}, {"model": "gamification.energizerdata", "pk": 5, "fields": {"userProfile": 1, "energizer": "TETRIS", "score": 32, "timestamp": "2022-07-20T20:45:54.126Z"}}, {"model": "gamification.energizerdata", "pk": 6, "fields": {"userProfile": 1, "energizer": "SNAKE", "score": 1, "timestamp": "2022-07-21T08:54:24.320Z"}}, {"model": "gamification.energizerdata", "pk": 7, "fields": {"userProfile": 1, "energizer": "TETRIS", "score": 0, "timestamp": "2022-07-21T17:54:56.467Z"}}, {"model": "gamification.energizerdata", "pk": 8, "fields": {"userProfile": 1, "energizer": "TETRIS", "score": 0, "timestamp": "2022-07-21T18:02:47.622Z"}}, {"model": "gamification.energizerdata", "pk": 9, "fields": {"userProfile": 1, "energizer": "TETRIS", "score": 99, "timestamp": "2022-07-21T18:02:53.924Z"}}, {"model": "gamification.energizerdata", "pk": 10, "fields": {"userProfile": 1, "energizer": "QUIZ", "score": 8, "timestamp": "2022-07-21T18:44:55.501Z"}}, {"model": "gamification.energizerdata", "pk": 11, "fields": {"userProfile": 1, "energizer": "QUIZ", "score": 1, "timestamp": "2022-08-13T15:10:50.062Z"}}, {"model": "gamification.energizerdata", "pk": 12, "fields": {"userProfile": 1, "energizer": "QUIZ", "score": 17, "timestamp": "2022-08-13T15:11:52.790Z"}}, {"model": "gamification.energizerdata", "pk": 13, "fields": {"userProfile": 1, "energizer": "QUIZ", "score": 2, "timestamp": "2022-08-13T15:16:05.471Z"}}, {"model": "gamification.energizerdata", "pk": 14, "fields": {"userProfile": 1, "energizer": "QUIZ", "score": 2, "timestamp": "2022-08-13T15:17:36.125Z"}}, {"model": "gamification.energizerdata", "pk": 15, "fields": {"userProfile": 1, "energizer": "TETRIS", "score": 0, "timestamp": "2023-01-23T13:07:00.006Z"}}, {"model": "gamification.energizerdata", "pk": 16, "fields": {"userProfile": 1, "energizer": "TETRIS", "score": 0, "timestamp": "2023-01-23T13:50:18.131Z"}}, {"model": "gamification.energizerdata", "pk": 17, "fields": {"userProfile": 1, "energizer": "TETRIS", "score": 0, "timestamp": "2023-01-23T13:55:12.774Z"}}, {"model": "gamification.energizerdata", "pk": 18, "fields": {"userProfile": 1, "energizer": "TETRIS", "score": 900, "timestamp": "2023-01-23T14:08:16.504Z"}}, {"model": "gamification.energizerdata", "pk": 19, "fields": {"userProfile": 1, "energizer": "TETRIS", "score": 0, "timestamp": "2023-01-23T14:09:28.824Z"}}, {"model": "gamification.energizerdata", "pk": 20, "fields": {"userProfile": 1, "energizer": "TETRIS", "score": 0, "timestamp": "2023-01-25T12:50:24.348Z"}}, {"model": "gamification.energizerdata", "pk": 21, "fields": {"userProfile": 1, "energizer": "TETRIS", "score": 0, "timestamp": "2023-01-25T13:08:06.479Z"}}, {"model": "gamification.energizerdata", "pk": 22, "fields": {"userProfile": 1, "energizer": "TETRIS", "score": 0, "timestamp": "2023-01-25T13:08:07.570Z"}}, {"model": "gamification.energizerdata", "pk": 23, "fields": {"userProfile": 1, "energizer": "TETRIS", "score": 0, "timestamp": "2023-01-25T13:08:08.502Z"}}, {"model": "gamification.energizerdata", "pk": 24, "fields": {"userProfile": 1, "energizer": "SNAKE", "score": -1, "timestamp": "2023-01-25T13:22:31.621Z"}}, {"model": "gamification.energizerdata", "pk": 25, "fields": {"userProfile": 1, "energizer": "SNAKE", "score": 8, "timestamp": "2023-01-25T13:32:42.519Z"}}, {"model": "gamification.energizerdata", "pk": 26, "fields": {"userProfile": 1, "energizer": "TETRIS", "score": 0, "timestamp": "2023-01-25T13:59:53.373Z"}}, {"model": "gamification.energizerdata", "pk": 27, "fields": {"userProfile": 1, "energizer": "SNAKE", "score": 2, "timestamp": "2023-01-25T15:15:28.369Z"}}, {"model": "gamification.energizerdata", "pk": 28, "fields": {"userProfile": 1, "energizer": "SNAKE", "score": 3, "timestamp": "2023-01-25T15:21:34.382Z"}}, {"model": "gamification.energizerdata", "pk": 29, "fields": {"userProfile": 1, "energizer": "SNAKE", "score": 2, "timestamp": "2023-01-25T15:29:25.463Z"}}, {"model": "gamification.energizerdata", "pk": 30, "fields": {"userProfile": 1, "energizer": "QUIZ", "score": 1, "timestamp": "2023-01-25T15:35:22.600Z"}}, {"model": "gamification.energizerdata", "pk": 31, "fields": {"userProfile": 1, "energizer": "TETRIS", "score": 100, "timestamp": "2023-01-25T15:36:54.966Z"}}, {"model": "gamification.energizerdata", "pk": 32, "fields": {"userProfile": 1, "energizer": "TETRIS", "score": 100, "timestamp": "2023-01-25T15:37:46.543Z"}}, {"model": "gamification.energizerdata", "pk": 33, "fields": {"userProfile": 1, "energizer": "SNAKE", "score": 2, "timestamp": "2023-01-25T15:38:04.116Z"}}, {"model": "gamification.energizerdata", "pk": 34, "fields": {"userProfile": 1, "energizer": "SNAKE", "score": 3, "timestamp": "2023-01-25T15:38:54.594Z"}}, {"model": "gamification.energizerdata", "pk": 35, "fields": {"userProfile": 1, "energizer": "TETRIS", "score": 200, "timestamp": "2023-01-25T15:46:10.351Z"}}, {"model": "gamification.energizerdata", "pk": 36, "fields": {"userProfile": 1, "energizer": "TETRIS", "score": 200, "timestamp": "2023-01-25T15:49:37.418Z"}}, {"model": "gamification.question", "pk": 1, "fields": {"question": "Who is the current president of the US?", "answerA": "A: Trump", "answerB": "B: Biden", "answerC": "C: Merkel", "answerD": "D: Me", "correctAnswer": 2}}, {"model": "gamification.question", "pk": 2, "fields": {"question": "What is 2x2", "answerA": "A: 3", "answerB": "B: 4", "answerC": "C: 1", "answerD": "D: 7", "correctAnswer": 2}}, {"model": "gamification.question", "pk": 3, "fields": {"question": "The correct answer is A!", "answerA": "A:", "answerB": "B:", "answerC": "C:", "answerD": "D:", "correctAnswer": 1}}, {"model": "gamification.question", "pk": 4, "fields": {"question": "The correct answer is B!", "answerA": "A:", "answerB": "B:", "answerC": "C:", "answerD": "D:", "correctAnswer": 2}}, {"model": "gamification.question", "pk": 5, "fields": {"question": "The correct answer is C!", "answerA": "A:", "answerB": "B:", "answerC": "C:", "answerD": "D:", "correctAnswer": 3}}, {"model": "gamification.question", "pk": 6, "fields": {"question": "The correct answer is D!", "answerA": "A:", "answerB": "B:", "answerC": "C:", "answerD": "D:", "correctAnswer": 4}}, {"model": "gamification.gamiflog", "pk": 1, "fields": {"userId": 1, "date": "2023-01-23T13:50:18.180Z", "event": "Tetris ended"}}, {"model": "gamification.gamiflog", "pk": 2, "fields": {"userId": 1, "date": "2023-01-23T13:55:12.822Z", "event": "Tetris ended"}}, {"model": "gamification.gamiflog", "pk": 3, "fields": {"userId": 1, "date": "2023-01-23T14:08:16.550Z", "event": "Tetris ended"}}, {"model": "gamification.gamiflog", "pk": 4, "fields": {"userId": 1, "date": "2023-01-23T14:09:28.868Z", "event": "Tetris ended"}}, {"model": "gamification.gamiflog", "pk": 5, "fields": {"userId": 1, "date": "2023-01-25T12:50:24.346Z", "event": "Tetris ended"}}, {"model": "gamification.gamiflog", "pk": 6, "fields": {"userId": 1, "date": "2023-01-25T13:08:06.518Z", "event": "Tetris ended"}}, {"model": "gamification.gamiflog", "pk": 7, "fields": {"userId": 1, "date": "2023-01-25T13:08:07.568Z", "event": "Tetris ended"}}, {"model": "gamification.gamiflog", "pk": 8, "fields": {"userId": 1, "date": "2023-01-25T13:08:08.500Z", "event": "Tetris ended"}}, {"model": "gamification.gamiflog", "pk": 9, "fields": {"userId": 1, "date": "2023-01-25T13:59:53.412Z", "event": "Tetris ended"}}, {"model": "gamification.gamiflog", "pk": 10, "fields": {"userId": 1, "date": "2023-01-25T15:36:55.005Z", "event": "Tetris ended"}}, {"model": "gamification.gamiflog", "pk": 11, "fields": {"userId": 1, "date": "2023-01-25T15:37:46.587Z", "event": "Tetris ended"}}, {"model": "gamification.gamiflog", "pk": 12, "fields": {"userId": 1, "date": "2023-01-25T15:46:10.402Z", "event": "Tetris ended"}}, {"model": "gamification.gamiflog", "pk": 13, "fields": {"userId": 1, "date": "2023-01-25T15:49:37.402Z", "event": "Tetris ended"}}]